"Estuary","SampleEvent","Date","Section","StationName","Station","Temperature","Salinity","DissolvedOxygen","pH","Depth","SampleDepth","Secchi","TurbidityYSI","TurbidityHach"
"AB","COLL",2021-05-10,"E","Cat Point",11,24.9,4.5,6.97,NA,1.5,NA,0.5,NA,NA
"AB","COLL",2021-05-10,"E","Easthole",12,24.6,10.88,7.81,NA,1.5,NA,0.5,NA,NA
"AB","COLL",2021-05-10,"E","Bulkhead",15,24.8,3.62,8.43,NA,2,NA,0.5,NA,NA
"AB","COLL",2021-06-02,"W","Paradise Flats",1,26.1,12.77,8.68,NA,1.5,NA,1,NA,NA
"AB","COLL",2021-06-02,"W","Cabbage Top",2,26.4,11.13,8.52,NA,1.5,NA,1,NA,NA
"AB","COLL",2021-06-02,"W","Dry Bar North",3,26.8,14.7,8.04,NA,2,NA,1,NA,NA
"AB","COLL",2021-06-02,"W","Green Point",4,27.2,15.18,8.2,NA,2.25,NA,1,NA,NA
"AB","COLL",2021-06-02,"W","Eleven Mile",5,26.5,17.13,7.41,NA,1.5,NA,0.5,NA,NA
"AB","COLL",2021-06-02,"C","Halfmoon",6,28.8,18.91,NA,NA,2.5,NA,1,NA,NA
"AB","COLL",2021-06-02,"C","Lighthouse",7,27.8,25.97,7.28,NA,2,NA,1,NA,NA
"AB","COLL",2021-06-02,"C","Normans",8,27,21.83,7.66,NA,2.75,NA,1,NA,NA
"AB","COLL",2021-06-02,"C","Hotel",9,26.9,25.75,7.2,NA,1.75,NA,1.5,NA,NA
"AB","COLL",2021-06-02,"C","East Lumps",10,27.6,27.29,7.5,NA,2.25,NA,1.5,NA,NA
"AB","COLL",2021-06-02,"E","Cat Point",11,27.6,27.74,7,NA,1.5,NA,1.25,NA,NA
"AB","COLL",2021-06-02,"E","Easthole",12,27.2,27.42,6.8,NA,1.5,NA,1,NA,NA
"AB","COLL",2021-06-02,"E","Platform",13,27.4,29.26,7.29,NA,1.75,NA,1.75,NA,NA
"AB","COLL",2021-06-02,"E","Porters",14,27.4,28.6,7.32,NA,2,NA,2,NA,NA
"AB","COLL",2021-06-02,"E","Bulkhead",15,26.9,23.52,NA,NA,2,NA,1.25,NA,NA
"AB","COLL",2021-07-01,"W","Paradise Flats",1,26.6,8.12,6.78,NA,1.75,NA,0.5,NA,NA
"AB","COLL",2021-07-01,"W","Cabbage Top",2,26.5,8.69,7.14,NA,1.5,NA,0.75,NA,NA
"AB","COLL",2021-07-01,"C","Halfmoon",6,27.7,3.85,6.56,NA,2.5,NA,0.75,NA,NA
"AB","COLL",2021-07-01,"C","Lighthouse",7,27.7,28.35,6.16,NA,2,NA,0.5,NA,NA
"AB","COLL",2021-07-01,"C","Hotel",9,27.4,30.98,6.22,NA,1.75,NA,1,NA,NA
"AB","COLL",2021-07-01,"E","Cat Point",11,27.8,28.98,6,NA,1.75,NA,0.75,NA,NA
"AB","COLL",2021-07-01,"E","Easthole",12,27.7,30.92,6,NA,1.5,NA,1,NA,NA
"AB","COLL",2021-07-01,"E","Bulkhead",15,27.9,30.14,6.75,NA,2,NA,1,NA,NA
"AB","COLL",2021-08-02,"W","Paradise Flats",1,31.7,24.96,6.33,NA,1.25,NA,0.5,NA,NA
"AB","COLL",2021-08-02,"W","Cabbage Top",2,30.8,22.06,NA,NA,1.25,NA,1,NA,NA
"AB","COLL",2021-08-02,"C","Halfmoon",6,31,19.38,NA,NA,2.5,NA,0.75,NA,NA
"AB","COLL",2021-08-02,"C","Lighthouse",7,30.8,17.85,NA,NA,2,NA,0.75,NA,NA
"AB","COLL",2021-08-02,"C","Hotel",9,30.6,19.14,6.76,NA,1.75,NA,1,NA,NA
"AB","COLL",2021-08-02,"E","Cat Point",11,30.5,18.63,2.13,NA,1.75,NA,1,NA,NA
"AB","COLL",2021-08-02,"E","Easthole",12,30.5,14.93,6.88,NA,1.5,NA,1,NA,NA
"AB","COLL",2021-08-02,"E","Bulkhead",15,30.3,13.86,7.15,NA,2,NA,1,NA,NA
"AB","COLL",2021-09-07,"W","Paradise Flats",1,30,10,7.25,NA,2,NA,1,NA,NA
"AB","COLL",2021-09-07,"W","Cabbage Top",2,29.7,9.6,6.97,NA,1.75,NA,0.75,NA,NA
"AB","COLL",2021-09-07,"C","Halfmoon",6,29.3,16,3.81,NA,1.5,NA,0.75,NA,NA
"AB","COLL",2021-09-07,"C","Lighthouse",7,29.2,5.2,5.61,NA,2,NA,0.75,NA,NA
"AB","COLL",2021-09-07,"C","Hotel",9,29,19.8,4.2,NA,1.5,NA,1,NA,NA
"AB","COLL",2021-09-07,"E","Cat Point",11,29.3,11.9,5.1,NA,1.75,NA,0.75,NA,NA
"AB","COLL",2021-09-07,"E","Easthole",12,29.2,16.6,4.9,NA,1.5,NA,1,NA,NA
"AB","COLL",2021-09-07,"E","Bulkhead",15,29.2,14.4,5.12,NA,2,NA,0.75,NA,NA
"AB","COLL",2016-01-11,"W","Paradise Flats",1,11.9,0.34,10.3,7.38,1,NA,0.25,NA,NA
"AB","COLL",2016-01-11,"W","Paradise Flats",1,11.6,0.66,10.25,7.22,1,NA,0.25,NA,NA
"AB","COLL",2016-01-11,"W","Cabbage Top",2,12.1,0.12,10.26,7.58,1.5,NA,0.25,NA,NA
"AB","COLL",2016-01-11,"W","Dry Bar North",3,12.3,0.57,9.94,7.22,2,NA,0.25,NA,NA
"AB","COLL",2016-01-11,"W","Green Point",4,11.9,0.54,9.87,7.23,1.5,NA,0.25,NA,NA
"AB","COLL",2016-01-11,"W","Eleven Mile",5,12.2,0.36,10.35,8.1,1.25,NA,0.25,NA,NA
"AB","COLL",2016-01-11,"C","Halfmoon",6,13.6,0.04,8.72,7.71,2,NA,0.25,NA,NA
"AB","COLL",2016-01-11,"C","Lighthouse",7,12.9,0.04,8.81,7.57,1.75,NA,0.25,NA,NA
"AB","COLL",2016-01-11,"C","Normans",8,13,0.24,8.88,7.43,2.5,NA,0.5,NA,NA
"AB","COLL",2016-01-11,"C","Hotel",9,12.6,0.75,9.69,7.2,1.75,NA,0.25,NA,NA
"AB","COLL",2016-01-11,"C","East Lumps",10,12.8,0.04,9.33,7.55,2,NA,0.25,NA,NA
"AB","COLL",2016-01-11,"E","Cat Point",11,11.9,0.05,9.44,7.72,1.25,NA,0.25,NA,NA
"AB","COLL",2016-01-11,"E","Easthole",12,12.7,0.96,10,7.14,1.25,NA,0.25,NA,NA
"AB","COLL",2016-01-11,"E","Platform",13,12.7,0.76,9.75,7.19,0.75,NA,0.25,NA,NA
"AB","COLL",2016-01-11,"E","Porters",14,12.7,0.17,9.64,7.49,1.5,NA,0.25,NA,NA
"AB","COLL",2016-01-11,"E","Bulkhead",15,12.5,0.06,9.58,7.66,1.5,NA,0.25,NA,NA
"AB","COLL",2016-02-07,"W","Paradise Flats",1,12.6,5.8,11.96,8.41,0.75,NA,0.25,NA,NA
"AB","COLL",2016-02-07,"W","Cabbage Top",2,12.1,6.38,11.06,8.01,1.5,NA,1,NA,NA
"AB","COLL",2016-02-07,"W","Dry Bar North",3,12.3,5.39,10.54,7.69,1,NA,0.75,NA,NA
"AB","COLL",2016-02-07,"W","Green Point",4,12.2,7.8,11.83,8.25,1.75,NA,1,NA,NA
"AB","COLL",2016-02-07,"W","Eleven Mile",5,12.8,9.71,11.34,8.25,1.25,NA,0.5,NA,NA
"AB","COLL",2016-02-07,"C","Halfmoon",6,12.1,0.05,9.78,7.9,1.5,NA,0.5,NA,NA
"AB","COLL",2016-02-07,"C","Lighthouse",7,12.1,1.95,9.73,7.68,1.25,NA,0.5,NA,NA
"AB","COLL",2016-02-07,"C","Normans",8,11.1,2.54,10.36,8.07,2,NA,0.5,NA,NA
"AB","COLL",2016-02-07,"C","Hotel",9,11,4.85,10.41,7.6,1.5,NA,0.75,NA,NA
"AB","COLL",2016-02-07,"C","East Lumps",10,11.5,1.6,10.27,7.72,2,NA,0.5,NA,NA
"AB","COLL",2016-02-07,"E","Cat Point",11,11.6,3.59,9.62,7.5,1,NA,0.5,NA,NA
"AB","COLL",2016-02-07,"E","Easthole",12,11,4.16,10.35,7.44,1,NA,0.75,NA,NA
"AB","COLL",2016-02-07,"E","Platform",13,11.4,6.05,10.32,7.53,0.5,NA,0.5,NA,NA
"AB","COLL",2016-02-07,"E","Porters",14,11.5,6.52,10.46,7.48,2,NA,0.75,NA,NA
"AB","COLL",2016-02-07,"E","Bulkhead",15,11.1,2.5,9.92,7.53,2.5,NA,0.5,NA,NA
"AB","COLL",2016-03-06,"W","Paradise Flats",1,17.5,7.86,10.38,8.19,1,NA,0.25,NA,NA
"AB","COLL",2016-03-06,"W","Cabbage Top",2,17.3,6.91,10.75,8.21,1.5,NA,0.75,NA,NA
"AB","COLL",2016-03-06,"W","Dry Bar North",3,17.3,11.24,10.01,8.09,1.75,NA,1.25,NA,NA
"AB","COLL",2016-03-06,"W","Green Point",4,18,7.19,10.3,8.07,2,NA,1.25,NA,NA
"AB","COLL",2016-03-06,"W","Eleven Mile",5,18.5,11.81,10.11,8.16,1.5,NA,0.5,NA,NA
"AB","COLL",2016-03-06,"C","Halfmoon",6,15.8,0.05,9,8.5,1.5,NA,0.25,NA,NA
"AB","COLL",2016-03-06,"C","Lighthouse",7,16.4,5.72,8.45,7.61,1.75,NA,0.5,NA,NA
"AB","COLL",2016-03-06,"C","Normans",8,16.2,3.33,9.74,7.74,2,NA,0.75,NA,NA
"AB","COLL",2016-03-06,"C","Hotel",9,16.1,4.78,9.76,7.89,1.5,NA,0.75,NA,NA
"AB","COLL",2016-03-06,"C","East Lumps",10,16.5,3.33,8.75,7.5,1.75,NA,0.5,NA,NA
"AB","COLL",2016-03-06,"E","Cat Point",11,16.6,5.28,9,7.7,1.25,NA,0.5,NA,NA
"AB","COLL",2016-03-06,"E","Easthole",12,16.6,4.69,9.89,7.92,1.25,NA,0.75,NA,NA
"AB","COLL",2016-03-06,"E","Platform",13,16.6,7.52,9.57,7.84,1.5,NA,1,NA,NA
"AB","COLL",2016-03-06,"E","Porters",14,16.8,8.7,9.23,7.88,1.75,NA,1,NA,NA
"AB","COLL",2016-03-06,"E","Bulkhead",15,16.5,3.41,9.82,7.86,1.75,NA,0.5,NA,NA
"AB","COLL",2016-04-05,"W","Paradise Flats",1,22.1,12.41,8.48,8.02,1.25,NA,0.25,NA,NA
"AB","COLL",2016-04-05,"W","Cabbage Top",2,21.7,8.27,8.85,8.07,1.5,NA,0.75,NA,NA
"AB","COLL",2016-04-05,"W","Dry Bar North",3,20.9,16.05,8.11,7.87,1.75,NA,1.25,NA,NA
"AB","COLL",2016-04-05,"W","Green Point",4,22,9.7,8.5,7.92,2,NA,1.5,NA,NA
"AB","COLL",2016-04-05,"W","Eleven Mile",5,22.2,21.56,8.56,8,1.5,NA,1,NA,NA
"AB","COLL",2016-04-05,"C","Halfmoon",6,20.6,0.06,7.64,8.55,2,NA,0.5,NA,NA
"AB","COLL",2016-04-05,"C","Lighthouse",7,20.3,1.01,7.43,8.13,2,NA,0.75,NA,NA
"AB","COLL",2016-04-05,"C","Normans",8,19.9,4.41,8.39,7.73,2.25,NA,0.75,NA,NA
"AB","COLL",2016-04-05,"C","Hotel",9,19.8,6.02,8.62,7.67,1.5,NA,0.75,NA,NA
"AB","COLL",2016-04-05,"C","East Lumps",10,19.8,1.35,7.6,8.11,2,NA,0.5,NA,NA
"AB","COLL",2016-04-05,"E","Cat Point",11,20.1,1.39,7.77,8.01,1.75,NA,0.25,NA,NA
"AB","COLL",2016-04-05,"E","Easthole",12,19.9,6.55,8.72,7.8,1.5,NA,0.75,NA,NA
"AB","COLL",2016-04-05,"E","Platform",13,20.2,4.88,8.25,7.76,1,NA,0.25,NA,NA
"AB","COLL",2016-04-05,"E","Porters",14,20.4,5.89,7.82,7.71,2.25,NA,1.25,NA,NA
"AB","COLL",2016-04-05,"E","Bulkhead",15,20.2,4.16,8.46,7.74,2,NA,0.75,NA,NA
"AB","COLL",2016-05-02,"W","Paradise Flats",1,27.6,6.85,7.87,8.29,1.5,NA,0.5,NA,NA
"AB","COLL",2016-05-02,"W","Cabbage Top",2,27.4,6.84,8.08,8.3,2.25,NA,0.75,NA,NA
"AB","COLL",2016-05-02,"W","Dry Bar North",3,27.2,7.81,8.08,8.21,2.5,NA,1,NA,NA
"AB","COLL",2016-05-02,"W","Green Point",4,26.2,3.78,7.98,8.33,2.25,NA,1,NA,NA
"AB","COLL",2016-05-02,"W","Eleven Mile",5,27.7,7.18,9.21,8.4,2,NA,0.75,NA,NA
"AB","COLL",2016-05-02,"C","Halfmoon",6,25.5,3.41,7.41,8.16,2.25,NA,1,NA,NA
"AB","COLL",2016-05-02,"C","Lighthouse",7,26.5,15.22,6.12,7.97,2.25,NA,1.25,NA,NA
"AB","COLL",2016-05-02,"C","Normans",8,26.5,14.64,7.08,7.98,2.75,NA,1.75,NA,NA
"AB","COLL",2016-05-02,"C","Hotel",9,26,18.51,6.51,7.99,2.25,NA,1.75,NA,NA
"AB","COLL",2016-05-02,"C","East Lumps",10,26.3,15.18,6.3,7.99,2.5,NA,1,NA,NA
"AB","COLL",2016-05-02,"E","Cat Point",11,26.8,12.04,7.2,8.03,2,NA,1,NA,NA
"AB","COLL",2016-05-02,"E","Easthole",12,26.3,18.12,6.47,7.97,2,NA,1.25,NA,NA
"AB","COLL",2016-05-02,"E","Platform",13,26.4,21.05,6.62,8.01,2,NA,2,NA,NA
"AB","COLL",2016-05-02,"E","Porters",14,26.7,20.96,6.14,7.99,2.25,NA,2,NA,NA
"AB","COLL",2016-05-02,"E","Bulkhead",15,26.9,15.92,6.45,7.97,2.25,NA,1.75,NA,NA
"AB","COLL",2016-06-01,"W","Paradise Flats",1,29.3,23.74,7.39,8.22,1.5,NA,0.75,NA,NA
"AB","COLL",2016-06-01,"W","Cabbage Top",2,29.1,20.6,7.58,8.35,1.75,NA,0.75,NA,NA
"AB","COLL",2016-06-01,"W","Dry Bar North",3,28.4,28.2,7.4,8.19,2.5,NA,1,NA,NA
"AB","COLL",2016-06-01,"W","Green Point",4,28.6,26.84,7.37,8.27,2,NA,0.75,NA,NA
"AB","COLL",2016-06-01,"W","Eleven Mile",5,29.1,28.32,8.05,8.24,1.5,NA,1,NA,NA
"AB","COLL",2016-06-01,"C","Halfmoon",6,29,14.64,7.94,8.38,2.75,NA,0.75,NA,NA
"AB","COLL",2016-06-01,"C","Lighthouse",7,28.5,14.95,7.38,8.35,2.25,NA,1,NA,NA
"AB","COLL",2016-06-01,"C","Normans",8,27.6,12.19,7.44,8.39,2.75,NA,1.5,NA,NA
"AB","COLL",2016-06-01,"C","Hotel",9,28.4,18.25,6.74,8.36,2.25,NA,1,NA,NA
"AB","COLL",2016-06-01,"C","East Lumps",10,28.3,14.41,7.3,8.34,2.5,NA,1,NA,NA
"AB","COLL",2016-06-01,"E","Cat Point",11,28.8,20.38,6.83,8.28,1.75,NA,1,NA,NA
"AB","COLL",2016-06-01,"E","Easthole",12,27.9,14.24,7.62,8.38,1.75,NA,0.75,NA,NA
"AB","COLL",2016-06-01,"E","Platform",13,28.3,15.07,7.59,8.38,2,NA,1,NA,NA
"AB","COLL",2016-06-01,"E","Porters",14,28.5,21.12,7.21,8.22,2.25,NA,1,NA,NA
"AB","COLL",2016-06-01,"E","Bulkhead",15,28.2,13.3,8.1,8.5,2,NA,1,NA,NA
"AB","COLL",2016-07-05,"W","Paradise Flats",1,32.4,30.66,7.78,8.26,1.25,NA,0.5,NA,NA
"AB","COLL",2016-07-05,"W","Cabbage Top",2,31.7,29.1,6.48,8.19,2,NA,0.5,NA,NA
"AB","COLL",2016-07-05,"W","Dry Bar North",3,31,31.16,7.18,8.21,2,NA,0.75,NA,NA
"AB","COLL",2016-07-05,"W","Green Point",4,31,28.7,7.15,8.21,2,NA,1,NA,NA
"AB","COLL",2016-07-05,"W","Green Point",4,NA,NA,NA,NA,NA,NA,NA,NA,NA
"AB","COLL",2016-07-05,"W","Eleven Mile",5,31.4,30.93,6.95,8.21,1.75,NA,0.5,NA,NA
"AB","COLL",2016-07-05,"C","Halfmoon",6,29.9,13.06,6.44,8.19,2.5,NA,1,NA,NA
"AB","COLL",2016-07-05,"C","Lighthouse",7,30.6,14.45,7.56,8.29,2,NA,0.5,NA,NA
"AB","COLL",2016-07-05,"C","Normans",8,30.2,22.23,6.28,8.12,2.75,NA,0.75,NA,NA
"AB","COLL",2016-07-05,"C","Hotel",9,30.2,18.66,6.79,8.37,2.25,NA,1.25,NA,NA
"AB","COLL",2016-07-05,"C","East Lumps",10,30.2,13.57,6.97,8.27,2.25,NA,0.25,NA,NA
"AB","COLL",2016-07-05,"E","Cat Point",11,30.4,13.95,6.17,8.17,1.5,NA,0.5,NA,NA
"AB","COLL",2016-07-05,"E","Easthole",12,30.2,16.14,6.73,8.32,1.75,NA,1,NA,NA
"AB","COLL",2016-07-05,"E","Platform",13,30.1,16.97,6.71,8.29,2,NA,1,NA,NA
"AB","COLL",2016-07-05,"E","Porters",14,30,15.41,6.77,8.26,2,NA,0.5,NA,NA
"AB","COLL",2016-07-05,"E","Bulkhead",15,30.3,14.72,6.7,8.31,2,NA,0.75,NA,NA
"AB","COLL",2016-08-02,"W","Paradise Flats",1,30.7,25.94,6.06,8.19,1.25,NA,0.75,NA,NA
"AB","COLL",2016-08-02,"W","Cabbage Top",2,30.6,23.41,5.85,8.22,2,NA,1,NA,NA
"AB","COLL",2016-08-02,"W","Dry Bar North",3,31.2,23.47,5.67,8.19,2,NA,1.25,NA,NA
"AB","COLL",2016-08-02,"W","Green Point",4,31,26.81,6.02,8.25,2,NA,0.25,NA,NA
"AB","COLL",2016-08-02,"W","Green Point",4,NA,NA,NA,NA,NA,NA,NA,NA,NA
"AB","COLL",2016-08-02,"W","Eleven Mile",5,30.8,21.91,6.56,8.3,2.25,NA,1.25,NA,NA
"AB","COLL",2016-08-02,"C","Halfmoon",6,30.1,11.1,6.73,8.19,2.75,NA,0.75,NA,NA
"AB","COLL",2016-08-02,"C","Lighthouse",7,31.2,18.84,4.74,8.14,2.25,NA,0.75,NA,NA
"AB","COLL",2016-08-01,"C","Normans",8,31.2,20.93,5.31,8.22,3,NA,1.25,NA,NA
"AB","COLL",2016-08-01,"C","Hotel",9,31.2,22.41,4.82,8.21,2.5,NA,1.25,NA,NA
"AB","COLL",2016-08-02,"C","East Lumps",10,30.9,18.55,4.89,8.11,2.75,NA,0.75,NA,NA
"AB","COLL",2016-08-01,"E","Cat Point",11,31.4,18.04,5.52,8.17,2,NA,0.75,NA,NA
"AB","COLL",2016-08-01,"E","Easthole",12,31,18.96,5.91,8.36,2,NA,1,NA,NA
"AB","COLL",2016-08-01,"E","Platform",13,31.4,19.03,5.96,8.25,2.25,NA,1,NA,NA
"AB","COLL",2016-08-01,"E","Porters",14,31.4,23.68,5.56,8.22,2.5,NA,1.25,NA,NA
"AB","COLL",2016-08-01,"E","Bulkhead",15,31.2,18.76,5.66,8.24,2.25,NA,0.75,NA,NA
"AB","COLL",2016-09-07,"W","Paradise Flats",1,29.6,18.19,8.94,8,1.25,NA,0.5,NA,NA
"AB","COLL",2016-09-07,"W","Cabbage Top",2,28.9,17.29,8.19,7.95,2,NA,0.75,NA,NA
"AB","COLL",2016-09-07,"W","Dry Bar North",3,28.8,18.41,8,7.94,2.25,NA,0.75,NA,NA
"AB","COLL",2016-09-07,"W","Green Point",4,28.5,18.25,7.59,7.86,1.75,NA,1,NA,NA
"AB","COLL",2016-09-07,"W","Eleven Mile",5,29.4,18.69,7.96,7.98,1.5,NA,0.25,NA,NA
"AB","COLL",2016-09-07,"C","Halfmoon",6,29,13.45,6.98,7.47,2.5,NA,0.5,NA,NA
"AB","COLL",2016-09-07,"C","Lighthouse",7,28.2,26.9,6.97,7.86,2,NA,0.75,NA,NA
"AB","COLL",2016-09-07,"C","Normans",8,27.7,29.4,6.4,7.53,3,NA,0.75,NA,NA
"AB","COLL",2016-09-07,"C","Hotel",9,27.7,29.43,6.32,7.84,2.25,NA,1.75,NA,NA
"AB","COLL",2016-09-07,"C","East Lumps",10,28,27.65,6.41,7.75,2.5,NA,1,NA,NA
"AB","COLL",2016-09-07,"E","Cat Point",11,28.1,27.75,6.4,7.74,1.75,NA,1,NA,NA
"AB","COLL",2016-09-07,"E","Easthole",12,27.9,29.54,6.4,7.84,1.75,NA,1.5,NA,NA
"AB","COLL",2016-09-07,"E","Platform",13,28.1,28.91,6.77,7.8,2,NA,1.75,NA,NA
"AB","COLL",2016-09-07,"E","Porters",14,27.8,27.36,6.48,7.74,2,NA,2,NA,NA
"AB","COLL",2016-09-07,"E","Bulkhead",15,27.7,29.07,6.5,7.86,2.5,NA,1.5,NA,NA
"AB","COLL",2016-10-03,"W","Paradise Flats",1,26.1,21.72,6.98,8.02,1,NA,0.5,NA,NA
"AB","COLL",2016-10-03,"W","Cabbage Top",2,25.9,23.24,7.82,8.03,1.75,NA,1,NA,NA
"AB","COLL",2016-10-03,"W","Dry Bar North",3,25.6,22.9,7.13,7.96,1.75,NA,0.75,NA,NA
"AB","COLL",2016-10-03,"W","Green Point",4,25.8,20.63,7.17,7.99,0.75,NA,0.75,NA,NA
"AB","COLL",2016-10-03,"W","Eleven Mile",5,26.1,22.94,7.23,8.06,1.75,NA,0.5,NA,NA
"AB","COLL",2016-10-03,"C","Halfmoon",6,26.1,12.65,7.85,8.02,2,NA,0.75,NA,NA
"AB","COLL",2016-10-03,"C","Lighthouse",7,26.1,17.58,6.99,7.91,1.5,NA,0.75,NA,NA
"AB","COLL",2016-10-03,"C","Normans",8,25.7,19.64,6.3,7.62,2.5,NA,0.75,NA,NA
"AB","COLL",2016-10-03,"C","Hotel",9,25.5,21.01,6.24,7.82,2,NA,1.25,NA,NA
"AB","COLL",2016-10-03,"C","East Lumps",10,26,20.46,6.38,7.86,2,NA,0.75,NA,NA
"AB","COLL",2016-10-03,"E","Cat Point",11,26,21.65,6.65,7.87,2,NA,1.25,NA,NA
"AB","COLL",2016-10-03,"E","Easthole",12,25.7,21.43,6.49,7.86,2.75,NA,1,NA,NA
"AB","COLL",2016-10-03,"E","Platform",13,25.8,24.09,6.51,7.85,1.5,NA,1,NA,NA
"AB","COLL",2016-10-03,"E","Porters",14,26.4,26.56,6.51,7.9,2,NA,1.25,NA,NA
"AB","COLL",2016-10-03,"E","Bulkhead",15,25.7,19.98,6.54,7.88,1.5,NA,0.75,NA,NA
"AB","COLL",2016-11-01,"W","Paradise Flats",1,24.9,21.15,8.31,8.25,1.25,NA,0.5,NA,NA
"AB","COLL",2016-11-01,"W","Cabbage Top",2,24.5,22.66,8.12,8.23,1.75,NA,0.75,NA,NA
"AB","COLL",2016-11-01,"W","Dry Bar North",3,24.3,25.01,7.78,8.17,1.75,NA,0.5,NA,NA
"AB","COLL",2016-11-01,"W","Green Point",4,24.2,23.83,7.83,8.17,2,NA,1,NA,NA
"AB","COLL",2016-11-01,"W","Eleven Mile",5,25.1,25.72,7.57,8.17,1.5,NA,0.5,NA,NA
"AB","COLL",2016-11-01,"C","Halfmoon",6,24.4,21.7,7.82,8.03,2,NA,0.75,NA,NA
"AB","COLL",2016-11-01,"C","Lighthouse",7,24.2,27.81,7.32,8.02,2,NA,0.75,NA,NA
"AB","COLL",2016-11-01,"C","Normans",8,23.7,30.34,6.83,7.8,2.5,NA,1,NA,NA
"AB","COLL",2016-11-01,"C","Hotel",9,23.7,32.34,6.46,8.07,2,NA,1,NA,NA
"AB","COLL",2016-11-01,"C","East Lumps",10,24,28.76,7.03,8.01,2,NA,1,NA,NA
"AB","COLL",2016-11-01,"E","Cat Point",11,23.9,31.94,6.64,8.02,1.5,NA,1,NA,NA
"AB","COLL",2016-11-01,"E","Easthole",12,23.7,32.15,6.66,8.12,1.5,NA,1.25,NA,NA
"AB","COLL",2016-11-01,"E","Platform",13,23.7,32.93,6.46,8.12,1.5,NA,1,NA,NA
"AB","COLL",2016-11-01,"E","Porters",14,23.8,32.88,6.79,8.07,1.75,NA,1,NA,NA
"AB","COLL",2016-11-01,"E","Bulkhead",15,23.8,30.71,6.76,8.09,2.25,NA,1,NA,NA
"AB","COLL",2016-12-07,"W","Paradise Flats",1,19.3,30.76,7.74,8.12,1,NA,0.75,NA,NA
"AB","COLL",2016-12-07,"W","Cabbage Top",2,19.3,29.34,7.64,8.35,2,NA,1,NA,NA
"AB","COLL",2016-12-07,"W","Dry Bar North",3,19.2,29,7.58,8.25,1.75,NA,1.25,NA,NA
"AB","COLL",2016-12-07,"W","Green Point",4,19.2,22.7,7.9,8.28,2,NA,1,NA,NA
"AB","COLL",2016-12-07,"W","Eleven Mile",5,19.1,32.7,7.64,8.12,1,NA,0.5,NA,NA
"AB","COLL",2016-12-07,"C","Halfmoon",6,19.5,24.2,7.86,8.28,2,NA,1.25,NA,NA
"AB","COLL",2016-12-07,"C","Lighthouse",7,19,26.7,7.52,8.28,1.75,NA,1.5,NA,NA
"AB","COLL",2016-12-07,"C","Normans",8,18.1,19.15,7.89,8.11,2.75,NA,1,NA,NA
"AB","COLL",2016-12-07,"C","Hotel",9,18.2,22.43,7.93,8.29,2,NA,1,NA,NA
"AB","COLL",2016-12-07,"C","East Lumps",10,19.1,26.27,7.56,8.23,2.25,NA,1.25,NA,NA
"AB","COLL",2016-12-07,"E","Cat Point",11,19.5,29.91,6.95,8.21,1.5,NA,1.25,NA,NA
"AB","COLL",2016-12-07,"E","Easthole",12,18.3,25.05,7.76,8.35,1.75,NA,1.25,NA,NA
"AB","COLL",2016-12-07,"E","Platform",13,18.8,25.51,7.78,8.33,1.75,NA,1.5,NA,NA
"AB","COLL",2016-12-07,"E","Porters",14,19.3,30,7.49,8.31,2,NA,1.5,NA,NA
"AB","COLL",2016-12-07,"E","Bulkhead",15,18.5,24.28,7.7,8.25,2,NA,1.5,NA,NA
"AB","COLL",2017-01-04,"W","Paradise Flats",1,20.9,24.42,7.35,8.42,1,NA,0.75,NA,NA
"AB","COLL",2017-01-04,"W","Cabbage Top",2,20.3,22.26,7.69,8.72,1.5,NA,1,NA,NA
"AB","COLL",2017-01-04,"W","Dry Bar North",3,19.7,21.13,8.24,8.82,1.75,NA,1.25,NA,NA
"AB","COLL",2017-01-04,"W","Green Point",4,18.8,27,6.87,8.81,1.5,NA,1.25,NA,NA
"AB","COLL",2017-01-04,"W","Eleven Mile",5,20.2,28.94,7.81,8.38,1.25,NA,0.75,NA,NA
"AB","COLL",2017-01-04,"C","Halfmoon",6,18.8,24.24,7.86,8.74,2,NA,0.5,NA,NA
"AB","COLL",2017-01-04,"C","Lighthouse",7,19.1,21.39,7.99,8.74,1.75,NA,1,NA,NA
"AB","COLL",2017-01-04,"C","Normans",8,18.2,14.78,8.62,8.74,2.75,NA,1.5,NA,NA
"AB","COLL",2017-01-04,"C","Hotel",9,18.8,19.5,8.12,8.77,2,NA,1.5,NA,NA
"AB","COLL",2017-01-04,"C","East Lumps",10,19,25.07,7.69,8.68,2,NA,1.5,NA,NA
"AB","COLL",2017-01-04,"E","Cat Point",11,18.6,23.78,7.98,8.73,1.5,NA,1.5,NA,NA
"AB","COLL",2017-01-04,"E","Easthole",12,18.8,19.68,8.07,8.72,1.5,NA,1.5,NA,NA
"AB","COLL",2017-01-04,"E","Platform",13,18.8,24.27,8.06,8.73,1.75,NA,1.5,NA,NA
"AB","COLL",2017-01-04,"E","Porters",14,18.5,27.03,8.05,8.8,2,NA,1.75,NA,NA
"AB","COLL",2017-01-04,"E","Bulkhead",15,19.3,22.68,7.86,8.65,2,NA,1.5,NA,NA
"AB","COLL",2017-02-01,"W","Paradise Flats",1,16.4,23.26,9.22,8.41,1.25,NA,1,NA,NA
"AB","COLL",2017-02-01,"W","Cabbage Top",2,15.8,6.1,9.22,8.16,1.25,NA,0.75,NA,NA
"AB","COLL",2017-02-01,"W","Dry Bar North",3,15.3,21.85,9.38,8.41,2,NA,0.5,NA,NA
"AB","COLL",2017-02-01,"W","Green Point",4,15,4.55,9.12,8.19,1.75,NA,0.5,NA,NA
"AB","COLL",2017-02-01,"W","Eleven Mile",5,16.3,32.2,8.84,8.39,0.5,NA,0.5,NA,NA
"AB","COLL",2017-02-01,"C","Halfmoon",6,14.1,0.3,8.17,8.69,1.75,NA,0.5,NA,NA
"AB","COLL",2017-02-01,"C","Lighthouse",7,14.3,3.67,8.3,8.27,1.75,NA,0.5,NA,NA
"AB","COLL",2017-02-01,"C","Normans",8,15.6,13.21,9.09,9.8,2.5,NA,0.5,NA,NA
"AB","COLL",2017-02-01,"C","Hotel",9,15.3,11.18,9.02,9.14,2,NA,0.75,NA,NA
"AB","COLL",2017-02-01,"C","East Lumps",10,14.8,9.62,8.34,8.31,2,NA,0.5,NA,NA
"AB","COLL",2017-02-01,"E","Cat Point",11,15.2,11.09,8.76,8.33,1.5,NA,0.75,NA,NA
"AB","COLL",2017-02-01,"E","Easthole",12,15.2,15.78,8.72,8.92,1.5,NA,0.75,NA,NA
"AB","COLL",2017-02-01,"E","Platform",13,14.8,12.76,9,8.66,1.25,NA,1,NA,NA
"AB","COLL",2017-02-01,"E","Porters",14,15.1,14.93,8.88,8.69,1.75,NA,1,NA,NA
"AB","COLL",2017-02-01,"E","Bulkhead",15,15.4,13.19,8.99,8.82,1.75,NA,0.75,NA,NA
"AB","COLL",2017-03-01,"W","Paradise Flats",1,22.3,11.56,9.79,8.42,0.75,NA,0.5,NA,NA
"AB","COLL",2017-03-01,"W","Cabbage Top",2,21.8,11.14,8.96,8.33,1.5,NA,0.75,NA,NA
"AB","COLL",2017-03-01,"W","Dry Bar North",3,21.1,11.62,9.67,8.36,1.5,NA,0.75,NA,NA
"AB","COLL",2017-03-01,"W","Green Point",4,21.4,7.46,8.76,8.18,1.75,NA,0.5,NA,NA
"AB","COLL",2017-03-01,"W","Eleven Mile",5,22.5,11.16,8.8,8.27,1.25,NA,0.25,NA,NA
"AB","COLL",2017-03-01,"C","Halfmoon",6,19.7,0.11,7.96,8.03,2,NA,0.5,NA,NA
"AB","COLL",2017-03-01,"C","Lighthouse",7,20.4,8,8.01,7.76,1.75,NA,0.5,NA,NA
"AB","COLL",2017-03-01,"C","Normans",8,20.7,19.71,8.09,7.91,2.5,NA,1,NA,NA
"AB","COLL",2017-03-01,"C","Hotel",9,20.5,20.64,7.82,7.5,2,NA,1,NA,NA
"AB","COLL",2017-03-01,"C","East Lumps",10,20.6,11.06,7.9,7.92,2,NA,0.5,NA,NA
"AB","COLL",2017-03-01,"E","Cat Point",11,21,15.54,8,8.03,1.25,NA,0.75,NA,NA
"AB","COLL",2017-03-01,"E","Easthole",12,20.5,23.05,7.8,8.05,1.25,NA,1,NA,NA
"AB","COLL",2017-03-01,"E","Platform",13,20.5,25.39,7.86,8.09,1.5,NA,1,NA,NA
"AB","COLL",2017-03-01,"E","Porters",14,20.8,26.1,7.73,8.08,2,NA,1.25,NA,NA
"AB","COLL",2017-03-01,"E","Bulkhead",15,20.8,19.32,7.95,8,1.75,NA,1,NA,NA
"AB","COLL",2017-04-04,"W","Paradise Flats",1,24.6,18.86,7.48,8.29,1.5,NA,0.25,NA,NA
"AB","COLL",2017-04-04,"W","Cabbage Top",2,24.4,17.96,7.4,8.28,2,NA,0.25,NA,NA
"AB","COLL",2017-04-04,"W","Dry Bar North",3,24.3,18.86,7.37,8.29,2.5,NA,0.25,NA,NA
"AB","COLL",2017-04-04,"W","Green Point",4,24.4,17.72,7.36,8.28,2.25,NA,0.25,NA,NA
"AB","COLL",2017-04-04,"W","Eleven Mile",5,24.6,17.45,7.27,8.25,1.75,NA,0.25,NA,NA
"AB","COLL",2017-04-04,"C","Halfmoon",6,24.1,10.8,6.77,8.06,2.5,NA,0.25,NA,NA
"AB","COLL",2017-04-04,"C","Lighthouse",7,24.3,16.48,6.77,8.13,2.25,NA,0.25,NA,NA
"AB","COLL",2017-04-04,"C","Normans",8,24,20.91,6.95,8.05,2.75,NA,0.75,NA,NA
"AB","COLL",2017-04-04,"C","Hotel",9,24,20.75,7.09,8.17,2.25,NA,1,NA,NA
"AB","COLL",2017-04-04,"C","East Lumps",10,24.2,20.13,6.12,8.06,2.75,NA,0.25,NA,NA
"AB","COLL",2017-04-04,"E","Cat Point",11,24.1,20.4,6.6,8.13,2,NA,0.75,NA,NA
"AB","COLL",2017-04-04,"E","Easthole",12,23.8,15.85,7.32,8.17,2,NA,0.75,NA,NA
"AB","COLL",2017-04-04,"E","Platform",13,24.1,17.69,7.26,8.18,1.5,NA,1,NA,NA
"AB","COLL",2017-04-04,"E","Porters",14,24,24.35,7.08,8.22,2,NA,1.5,NA,NA
"AB","COLL",2017-04-04,"E","Bulkhead",15,24.2,18.45,7.08,8.16,2.25,NA,0.5,NA,NA
"AB","COLL",2017-05-03,"W","Paradise Flats",1,24.9,16.46,9.04,8.16,1.25,NA,0.25,NA,NA
"AB","COLL",2017-05-03,"W","Cabbage Top",2,25.4,19.29,8.34,8.05,1.75,NA,0.75,NA,NA
"AB","COLL",2017-05-03,"W","Dry Bar North",3,25.3,24.67,7.82,8.01,1.5,NA,0.75,NA,NA
"AB","COLL",2017-05-03,"W","Green Point",4,24.7,16.4,8.32,8.09,1.75,NA,1.25,NA,NA
"AB","COLL",2017-05-03,"W","Eleven Mile",5,25.6,20.3,8.02,8.06,1.5,NA,0.25,NA,NA
"AB","COLL",2017-05-02,"C","Halfmoon",6,25.4,17.21,5.87,7.71,2.25,NA,0.75,NA,NA
"AB","COLL",2017-05-02,"C","Lighthouse",7,25.3,20.97,5.85,7.75,2,NA,0.75,NA,NA
"AB","COLL",2017-05-02,"C","Normans",8,24,13.14,7.56,7.79,2.75,NA,0.5,NA,NA
"AB","COLL",2017-05-02,"C","Hotel",9,24.9,13.8,8.07,7.97,2,NA,0.75,NA,NA
"AB","COLL",2017-05-02,"C","East Lumps",10,25.1,22.25,7.05,7.88,2.75,NA,0.75,NA,NA
"AB","COLL",2017-05-03,"E","Cat Point",11,25.3,22.29,5.75,7.64,1.75,NA,0.75,NA,NA
"AB","COLL",2017-05-03,"E","Easthole",12,24.2,15.73,8.1,8.04,1.75,NA,1.25,NA,NA
"AB","COLL",2017-05-03,"E","Platform",13,24.3,18.25,7.77,8.01,1.75,NA,1.75,NA,NA
"AB","COLL",2017-05-03,"E","Porters",14,25.4,27.05,6.66,7.9,2.25,NA,1.25,NA,NA
"AB","COLL",2017-05-03,"E","Bulkhead",15,24.6,13.58,8.11,8.05,2,NA,1.5,NA,NA
"AB","COLL",2017-06-01,"W","Paradise Flats",1,29.4,32.25,8.8,8.04,1.75,NA,1,NA,NA
"AB","COLL",2017-06-01,"W","Cabbage Top",2,29.1,32.28,8,8.01,2,NA,1.25,NA,NA
"AB","COLL",2017-06-01,"W","Dry Bar North",3,28.7,28.72,7.89,8.01,1.5,NA,1,NA,NA
"AB","COLL",2017-06-01,"W","Green Point",4,28.9,29.88,6.31,7.91,2,NA,1,NA,NA
"AB","COLL",2017-06-01,"W","Eleven Mile",5,29,32.84,8.51,8.01,1.25,NA,0.75,NA,NA
"AB","COLL",2017-06-01,"C","Halfmoon",6,28.4,23.5,7.47,7.96,2.25,NA,0.75,NA,NA
"AB","COLL",2017-06-01,"C","Lighthouse",7,28,22.97,6.03,7.86,2.25,NA,0.5,NA,NA
"AB","COLL",2017-06-01,"C","Normans",8,27.8,11.7,8.69,8.01,2.75,NA,1.25,NA,NA
"AB","COLL",2017-06-01,"C","Hotel",9,28,18.74,8.25,8.05,2,NA,1.5,NA,NA
"AB","COLL",2017-06-01,"C","East Lumps",10,27.6,22.59,6.08,7.88,2.25,NA,0.75,NA,NA
"AB","COLL",2017-06-01,"E","Cat Point",11,27.6,22.76,6.66,7.94,1.75,NA,1,NA,NA
"AB","COLL",2017-06-01,"E","Easthole",12,28,22.89,6.79,7.79,2,NA,1.5,NA,NA
"AB","COLL",2017-06-01,"E","Platform",13,27.8,22.98,7.64,8.05,1.75,NA,1,NA,NA
"AB","COLL",2017-06-01,"E","Porters",14,27.3,27.87,6.07,7.88,2.5,NA,1.25,NA,NA
"AB","COLL",2017-06-01,"E","Bulkhead",15,28.2,20.65,8.35,8.05,2,NA,1.25,NA,NA
"AB","COLL",2017-07-05,"W","Paradise Flats",1,31.3,16.48,7.65,8.18,1.75,NA,0.75,NA,NA
"AB","COLL",2017-07-05,"W","Cabbage Top",2,31.3,23.4,5.94,7.97,1.75,NA,1,NA,NA
"AB","COLL",2017-07-05,"W","Dry Bar North",3,30.9,27.8,6.61,7.95,2.5,NA,1,NA,NA
"AB","COLL",2017-07-05,"W","Green Point",4,31,24.9,5.74,7.92,2.25,NA,1,NA,NA
"AB","COLL",2017-07-05,"W","Eleven Mile",5,32,30.55,7.53,8,1.5,NA,0.75,NA,NA
"AB","COLL",2017-07-05,"C","Halfmoon",6,31.5,15.68,6.66,8.04,2.25,NA,0.5,NA,NA
"AB","COLL",2017-07-05,"C","Lighthouse",7,31.2,18.44,6.67,8.07,2,NA,0.75,NA,NA
"AB","COLL",2017-07-05,"C","Normans",8,30.9,15.77,7.77,8.1,2.75,NA,1,NA,NA
"AB","COLL",2017-07-05,"C","Hotel",9,30.4,20,7.07,8.14,2,NA,1,NA,NA
"AB","COLL",2017-07-05,"C","East Lumps",10,31.1,16.13,5.3,7.93,2.25,NA,0.75,NA,NA
"AB","COLL",2017-07-05,"E","Cat Point",11,31.3,14.01,5.88,7.91,1.75,NA,1,NA,NA
"AB","COLL",2017-07-05,"E","Easthole",12,30.6,13.06,6.9,8.09,1.75,NA,1,NA,NA
"AB","COLL",2017-07-05,"E","Platform",13,30.8,14.7,6.47,8.05,2,NA,1,NA,NA
"AB","COLL",2017-07-05,"E","Porters",14,31.1,15.35,7.33,8.11,2.5,NA,1,NA,NA
"AB","COLL",2017-07-05,"E","Bulkhead",15,30.9,16.69,5.99,8.03,2,NA,0.75,NA,NA
"AB","COLL",2017-08-02,"W","Paradise Flats",1,28.9,14.63,7.77,8.28,1.5,NA,0.25,NA,NA
"AB","COLL",2017-08-02,"W","Cabbage Top",2,28.8,13.57,7.92,8.27,2.5,NA,0.5,NA,NA
"AB","COLL",2017-08-02,"W","Dry Bar North",3,28.9,17.37,7.32,8.15,2,NA,0.75,NA,NA
"AB","COLL",2017-08-02,"W","Green Point",4,29.2,20.39,6.83,8.09,2.25,NA,0.5,NA,NA
"AB","COLL",2017-08-02,"W","Eleven Mile",5,28.8,16.08,7.7,8.31,1.5,NA,0.25,NA,NA
"AB","COLL",2017-08-02,"C","Halfmoon",6,29.1,17.96,6.77,8.05,2.25,NA,0.75,NA,NA
"AB","COLL",2017-08-02,"C","Lighthouse",7,28.5,27.24,5.96,7.98,2.25,NA,0.25,NA,NA
"AB","COLL",2017-08-02,"C","Normans",8,28.4,26.49,6.5,7.76,3,NA,1,NA,NA
"AB","COLL",2017-08-02,"C","Hotel",9,28.2,28.72,6.43,8.02,2.25,NA,1.25,NA,NA
"AB","COLL",2017-08-02,"C","East Lumps",10,28.5,26.85,6.28,8.01,2.25,NA,0.5,NA,NA
"AB","COLL",2017-08-02,"E","Cat Point",11,28.4,27.73,6.33,8.01,2.5,NA,0.5,NA,NA
"AB","COLL",2017-08-02,"E","Easthole",12,28.4,30.08,6.18,8,2,NA,1,NA,NA
"AB","COLL",2017-08-02,"E","Platform",13,28.5,30.75,6.56,8.02,2,NA,1.5,NA,NA
"AB","COLL",2017-08-02,"E","Porters",14,28.6,28.98,6.49,8.01,2.75,NA,1.25,NA,NA
"AB","COLL",2017-08-02,"E","Bulkhead",15,28.4,28.25,6.28,8.01,2.5,NA,1.5,NA,NA
"AB","COLL",2017-09-05,"W","Paradise Flats",1,28.8,18.59,7.33,8.31,1.5,NA,1,NA,NA
"AB","COLL",2017-09-05,"W","Cabbage Top",2,29.2,19.08,7.28,8.28,2.25,NA,1.25,NA,NA
"AB","COLL",2017-09-05,"W","Dry Bar North",3,29.3,23.13,7.45,8.24,2.75,NA,1,NA,NA
"AB","COLL",2017-09-05,"W","Green Point",4,29.8,18.75,7.75,8.28,2,NA,1,NA,NA
"AB","COLL",2017-09-05,"W","Eleven Mile",5,30.3,26.69,5.91,8.13,1.75,NA,0.75,NA,NA
"AB","COLL",2017-09-05,"C","Halfmoon",6,30.3,19.49,7.1,8.18,3.5,NA,1,NA,NA
"AB","COLL",2017-09-05,"C","Lighthouse",7,30.1,21.75,5.69,8.06,2.25,NA,0.75,NA,NA
"AB","COLL",2017-09-05,"C","Normans",8,29.5,21.66,6.4,7.99,2.75,NA,0.75,NA,NA
"AB","COLL",2017-09-05,"C","Hotel",9,29.6,25.3,6.55,8.14,2,NA,1,NA,NA
"AB","COLL",2017-09-05,"C","East Lumps",10,29.9,21.69,5.19,8.04,2.5,NA,0.5,NA,NA
"AB","COLL",2017-09-05,"E","Cat Point",11,29.7,21.7,5.17,8,1.75,NA,1,NA,NA
"AB","COLL",2017-09-05,"E","Easthole",12,29.3,21.64,6.01,8.08,1.5,NA,1,NA,NA
"AB","COLL",2017-09-05,"E","Platform",13,29.5,22.89,5.71,8.06,1.75,NA,0.5,NA,NA
"AB","COLL",2017-09-05,"E","Porters",14,29.4,22.97,6.02,8.08,2.25,NA,1,NA,NA
"AB","COLL",2017-09-05,"E","Bulkhead",15,29.6,22.54,5.77,8.05,2,NA,1,NA,NA
"AB","COLL",2017-10-09,"W","Paradise Flats",1,26.8,25.81,6.7,8.03,1.25,NA,0.5,NA,NA
"AB","COLL",2017-10-09,"W","Cabbage Top",2,26.7,27.13,6.64,7.97,2,NA,0.5,NA,NA
"AB","COLL",2017-10-09,"W","Dry Bar North",3,26.5,30.87,5.52,7.98,1.75,NA,0.5,NA,NA
"AB","COLL",2017-10-09,"W","Green Point",4,27.1,26.75,6.68,7.99,2,NA,0.5,NA,NA
"AB","COLL",2017-10-09,"W","Eleven Mile",5,27.2,22.29,7.54,8.15,1.5,NA,0.5,NA,NA
"AB","COLL",2017-10-09,"C","Halfmoon",6,26.8,25.67,6.03,7.71,2.75,NA,0.5,NA,NA
"AB","COLL",2017-10-09,"C","Lighthouse",7,26.5,28.4,6.07,7.91,2,NA,0.5,NA,NA
"AB","COLL",2017-10-09,"C","Normans",8,26.2,31.48,6.28,7.88,3,NA,0.75,NA,NA
"AB","COLL",2017-10-09,"C","Hotel",9,26.2,31.6,6.27,8.04,2.5,NA,1,NA,NA
"AB","COLL",2017-10-09,"C","East Lumps",10,26.5,28.64,6.21,7.91,2.5,NA,0.5,NA,NA
"AB","COLL",2017-10-09,"E","Cat Point",11,26.6,30.59,6.14,7.95,1.75,NA,0.75,NA,NA
"AB","COLL",2017-10-09,"E","Easthole",12,26.5,31.6,6.41,8.08,2,NA,1.25,NA,NA
"AB","COLL",2017-10-09,"E","Platform",13,26.3,31.46,6.33,8.06,2,NA,1.25,NA,NA
"AB","COLL",2017-10-09,"E","Porters",14,26.2,30.8,6.43,8.04,3.25,NA,1.25,NA,NA
"AB","COLL",2017-10-09,"E","Bulkhead",15,26.2,31.1,6.3,8.03,2.25,NA,1,NA,NA
"AB","COLL",2017-11-01,"W","Paradise Flats",1,18.7,27.25,9.8,8.33,1.75,NA,1.5,NA,NA
"AB","COLL",2017-11-01,"W","Cabbage Top",2,18.2,19.93,8.87,8.32,2,NA,1.5,NA,NA
"AB","COLL",2017-11-01,"W","Dry Bar North",3,18.7,22.74,8.69,8.27,2.5,NA,2,NA,NA
"AB","COLL",2017-11-01,"W","Green Point",4,18.8,26.72,8.84,8.28,1.75,NA,1.25,NA,NA
"AB","COLL",2017-11-01,"W","Eleven Mile",5,18.7,26.85,8.84,8.28,1.75,NA,1.25,NA,NA
"AB","COLL",2017-11-01,"C","Halfmoon",6,19.1,18.91,8.69,8.28,2.5,NA,0.75,NA,NA
"AB","COLL",2017-11-01,"C","Lighthouse",7,18.6,20.08,8.68,8.28,2,NA,1.25,NA,NA
"AB","COLL",2017-11-01,"C","Normans",8,19.3,30.1,7.41,7.92,2.5,NA,1.25,NA,NA
"AB","COLL",2017-11-01,"C","Hotel",9,18.5,23.17,8.03,8.11,1.75,NA,1.75,NA,NA
"AB","COLL",2017-11-01,"C","East Lumps",10,18.4,21.25,8.23,8.22,2,NA,1.25,NA,NA
"AB","COLL",2017-11-01,"E","Cat Point",11,18,21.31,8.37,8.2,1.75,NA,0.75,NA,NA
"AB","COLL",2017-11-01,"E","Easthole",12,17.5,21.15,8.34,8.17,1.5,NA,1.5,NA,NA
"AB","COLL",2017-11-01,"E","Platform",13,17.5,22.15,8.52,8.19,1.75,NA,1.5,NA,NA
"AB","COLL",2017-11-01,"E","Porters",14,18.4,23.36,8.4,8.18,2,NA,1.25,NA,NA
"AB","COLL",2017-11-01,"E","Bulkhead",15,17.8,21.5,8.38,8.16,2,NA,2,NA,NA
"AB","COLL",2017-12-05,"W","Paradise Flats",1,19.6,21.55,8.1,8.16,0.5,NA,0.5,NA,NA
"AB","COLL",2017-12-05,"W","Cabbage Top",2,19.6,21.31,8.15,8.03,1.75,NA,1.25,NA,NA
"AB","COLL",2017-12-05,"W","Dry Bar North",3,19.6,21.53,7.86,7.88,2.25,NA,1,NA,NA
"AB","COLL",2017-12-05,"W","Green Point",4,20.1,21.62,8.12,8.18,1.5,NA,1,NA,NA
"AB","COLL",2017-12-05,"W","Eleven Mile",5,19.8,22.42,8.23,8.19,0.25,NA,0.25,NA,NA
"AB","COLL",2017-12-05,"C","Halfmoon",6,20.6,26.11,8.07,8.2,2.25,NA,1,NA,NA
"AB","COLL",2017-12-05,"C","Lighthouse",7,20.9,25.69,8.06,8.19,1.75,NA,1.25,NA,NA
"AB","COLL",2017-12-05,"C","Normans",8,19.6,31.57,8.03,8.17,2.25,NA,1.5,NA,NA
"AB","COLL",2017-12-05,"C","Hotel",9,19.9,31.73,7.89,8.19,1.75,NA,1.75,NA,NA
"AB","COLL",2017-12-05,"C","East Lumps",10,19.7,31.27,8.03,8.22,1.75,NA,1.25,NA,NA
"AB","COLL",2017-12-05,"E","Cat Point",11,20,31.71,7.79,8.16,1.5,NA,1.25,NA,NA
"AB","COLL",2017-12-05,"E","Easthole",12,19.8,32.2,7.76,8.2,1.75,NA,1.75,NA,NA
"AB","COLL",2017-12-05,"E","Platform",13,19.8,32.6,7.53,8.15,1.5,NA,1,NA,NA
"AB","COLL",2017-12-05,"E","Porters",14,19.4,33.5,7.51,8.13,2,NA,2,NA,NA
"AB","COLL",2017-12-05,"E","Bulkhead",15,19.8,32.89,7.49,8.12,1.5,NA,1,NA,NA
"AB","COLL",2018-01-09,"W","Paradise Flats",1,10.3,16.65,10.3,8.28,1.5,NA,0.5,NA,NA
"AB","COLL",2018-01-09,"W","Cabbage Top",2,10.3,16.94,10.49,8.29,1.75,NA,0.5,NA,NA
"AB","COLL",2018-01-09,"W","Dry Bar North",3,10.7,18.28,10.3,8.27,1.75,NA,0.5,NA,NA
"AB","COLL",2018-01-09,"W","Green Point",4,10.9,21.77,10.12,8.26,2,NA,0.75,NA,NA
"AB","COLL",2018-01-09,"W","Eleven Mile",5,10.5,15.76,10.23,8.45,1.25,NA,1.25,NA,NA
"AB","COLL",2018-01-11,"C","Halfmoon",6,13.5,33.04,9,8.35,2.25,NA,2.25,NA,NA
"AB","COLL",2018-01-11,"C","Lighthouse",7,12,33.88,9.13,8.37,2,NA,2,NA,NA
"AB","COLL",2018-01-11,"C","Normans",8,11.4,32.79,9.7,8.05,2.5,NA,2,NA,NA
"AB","COLL",2018-01-11,"C","Hotel",9,12.2,33.6,9.52,8.32,1.75,NA,1.75,NA,NA
"AB","COLL",2018-01-11,"C","East Lumps",10,12.5,33.61,8.79,8.32,2.25,NA,2.25,NA,NA
"AB","COLL",2018-01-11,"E","Cat Point",11,11.4,33.66,9.05,8.36,1.75,NA,1.75,NA,NA
"AB","COLL",2018-01-11,"E","Easthole",12,12.4,33.72,9.07,8.34,2,NA,2,NA,NA
"AB","COLL",2018-01-11,"E","Platform",13,11.6,33.84,9.16,8.36,1.75,NA,1.75,NA,NA
"AB","COLL",2018-01-11,"E","Porters",14,11.4,33.65,9.14,8.36,2.25,NA,2.25,NA,NA
"AB","COLL",2018-01-11,"E","Bulkhead",15,11.9,33.82,9.21,8.34,2,NA,2,NA,NA
"AB","COLL",2018-02-01,"W","Paradise Flats",1,13.1,19.56,11.34,8.8,0.75,NA,0.75,NA,NA
"AB","COLL",2018-02-01,"W","Cabbage Top",2,12.9,19.25,10.94,8.73,1.5,NA,1.5,NA,NA
"AB","COLL",2018-02-01,"W","Dry Bar North",3,13.1,19.57,10.81,8.68,2,NA,1.5,NA,NA
"AB","COLL",2018-02-01,"W","Green Point",4,13.3,20.56,11.67,8.8,1.75,NA,1.25,NA,NA
"AB","COLL",2018-02-01,"W","Eleven Mile",5,12.7,20.75,10.73,8.65,0.75,NA,0.75,NA,NA
"AB","COLL",2018-02-01,"C","Halfmoon",6,11.7,12.82,11.15,8.58,2,NA,1.5,NA,NA
"AB","COLL",2018-02-01,"C","Lighthouse",7,12.4,26.04,9.83,8.27,1.5,NA,1.5,NA,NA
"AB","COLL",2018-02-01,"C","Normans",8,12.4,26.11,9.69,8.55,1.75,NA,1.5,NA,NA
"AB","COLL",2018-02-01,"C","Hotel",9,12.5,28.17,9.51,8.44,1.75,NA,1.75,NA,NA
"AB","COLL",2018-02-01,"C","East Lumps",10,12.3,23.71,10.05,8.38,1.5,NA,1.5,NA,NA
"AB","COLL",2018-02-01,"E","Cat Point",11,12.5,29.41,9.31,8.4,1,NA,1,NA,NA
"AB","COLL",2018-02-01,"E","Easthole",12,12.4,29.45,9.33,8.39,1.25,NA,1.25,NA,NA
"AB","COLL",2018-02-01,"E","Platform",13,12.5,30.8,9.15,8.38,1.75,NA,1.75,NA,NA
"AB","COLL",2018-02-01,"E","Porters",14,12.3,33.51,8.71,8.3,1.25,NA,1.25,NA,NA
"AB","COLL",2018-02-01,"E","Bulkhead",15,12.5,30.53,9.31,8.42,1.5,NA,1.5,NA,NA
"AB","COLL",2018-03-15,"W","Paradise Flats",1,16.1,33.1,8.9,8.19,1.5,NA,1,NA,NA
"AB","COLL",2018-03-15,"W","Cabbage Top",2,14.8,26.29,9.22,8.2,1.75,NA,1.5,NA,NA
"AB","COLL",2018-03-15,"W","Dry Bar North",3,15.2,23.47,9.61,8.33,1.5,NA,1.5,NA,NA
"AB","COLL",2018-03-15,"W","Green Point",4,15.6,17.09,9.67,8.33,1.75,NA,1.25,NA,NA
"AB","COLL",2018-03-15,"W","Eleven Mile",5,17,34.1,8.26,8.16,1.25,NA,0.5,NA,NA
"AB","COLL",2018-03-15,"C","Halfmoon",6,14.6,1.12,8.74,7.14,1.75,NA,1,NA,NA
"AB","COLL",2018-03-15,"C","Lighthouse",7,15.1,5.38,9.04,8.07,1.5,NA,1,NA,NA
"AB","COLL",2018-03-15,"C","Normans",8,15.5,13.13,9.89,8.33,2.5,NA,1.5,NA,NA
"AB","COLL",2018-03-15,"C","Hotel",9,16.2,14.97,9.44,8.3,1.75,NA,1.25,NA,NA
"AB","COLL",2018-03-15,"C","East Lumps",10,15.5,11.24,9,8.18,1.75,NA,1,NA,NA
"AB","COLL",2018-03-15,"E","Cat Point",11,15.3,10.9,9.18,8.17,1.5,NA,1.25,NA,NA
"AB","COLL",2018-03-15,"E","Easthole",12,15.1,13.54,9.55,8.24,1.5,NA,1,NA,NA
"AB","COLL",2018-03-15,"E","Platform",13,15.2,13.69,9.64,8.25,1.75,NA,1.25,NA,NA
"AB","COLL",2018-03-15,"E","Porters",14,15.6,15.65,8.96,8.11,1.75,NA,1,NA,NA
"AB","COLL",2018-03-15,"E","Bulkhead",15,15.2,12.86,9.81,8.33,2,NA,1.25,NA,NA
"AB","COLL",2018-04-11,"W","Paradise Flats",1,20.5,11.06,9.25,8.28,1.5,NA,1.25,NA,NA
"AB","COLL",2018-04-11,"W","Cabbage Top",2,20.1,11.71,8.97,8.29,1.75,NA,1.25,NA,NA
"AB","COLL",2018-04-11,"W","Dry Bar North",3,20.3,12.63,8.16,8.15,1.75,NA,1,NA,NA
"AB","COLL",2018-04-11,"W","Green Point",4,20.4,15.79,7.83,8.14,1.75,NA,1.25,NA,NA
"AB","COLL",2018-04-11,"W","Eleven Mile",5,21.1,10.99,9.02,8.33,1,NA,0.75,NA,NA
"AB","COLL",2018-04-11,"C","Halfmoon",6,20.1,18.36,6.35,7.65,2,NA,1.25,NA,NA
"AB","COLL",2018-04-11,"C","Lighthouse",7,20.7,25.61,6.56,7.95,1.75,NA,1.25,NA,NA
"AB","COLL",2018-04-11,"C","Normans",8,20.2,19.08,7.72,8.13,2.5,NA,1.75,NA,NA
"AB","COLL",2018-04-11,"C","Hotel",9,19.5,24.41,7.41,8.11,1.75,NA,1.5,NA,NA
"AB","COLL",2018-04-11,"C","East Lumps",10,20.3,26.87,6.91,8.03,1.75,NA,1,NA,NA
"AB","COLL",2018-04-11,"E","Cat Point",11,20,27.28,6.82,7.97,1.75,NA,1.25,NA,NA
"AB","COLL",2018-04-11,"E","Easthole",12,19.8,27.4,7.09,8.06,1.5,NA,1.5,NA,NA
"AB","COLL",2018-04-11,"E","Platform",13,20.1,31.16,7.09,8.1,1.5,NA,1.25,NA,NA
"AB","COLL",2018-04-11,"E","Porters",14,20.2,30.27,6.99,8.1,2,NA,1.25,NA,NA
"AB","COLL",2018-04-11,"E","Bulkhead",15,20.3,28.41,7.06,8.05,2,NA,1.5,NA,NA
"AB","COLL",2018-05-08,"W","Paradise Flats",1,24.9,18.6,7.45,8.17,1.5,NA,0.75,NA,NA
"AB","COLL",2018-05-08,"W","Cabbage Top",2,23.9,17.81,7.77,8.25,1.75,NA,1,NA,NA
"AB","COLL",2018-05-08,"W","Dry Bar North",3,24.8,18.75,7.7,8.22,2,NA,1.25,NA,NA
"AB","COLL",2018-05-08,"W","Green Point",4,24.5,10.11,7.68,7.96,1.75,NA,1,NA,NA
"AB","COLL",2018-05-08,"W","Eleven Mile",5,25.3,23.22,7.55,8.11,1.5,NA,0.75,NA,NA
"AB","COLL",2018-05-08,"C","Halfmoon",6,24.7,18.91,5.18,7.76,2.25,NA,0.5,NA,NA
"AB","COLL",2018-05-08,"C","Lighthouse",7,24.6,17.91,6.35,8.09,1.75,NA,1,NA,NA
"AB","COLL",2018-05-08,"C","Normans",8,24.1,18.25,8.15,8.26,2.5,NA,1,NA,NA
"AB","COLL",2018-05-08,"C","Hotel",9,23.9,14.85,7.84,8.24,2,NA,1,NA,NA
"AB","COLL",2018-05-08,"C","East Lumps",10,24.1,13.88,6.77,8.01,2,NA,0.75,NA,NA
"AB","COLL",2018-05-08,"E","Cat Point",11,24,14.45,8.29,8.22,2,NA,1,NA,NA
"AB","COLL",2018-05-08,"E","Easthole",12,24.1,15.41,8.02,8.27,1.75,NA,1,NA,NA
"AB","COLL",2018-05-08,"E","Platform",13,24.1,17.29,8.18,8.3,2,NA,1,NA,NA
"AB","COLL",2018-05-08,"E","Porters",14,24.8,24.9,6.09,7.99,2,NA,1.25,NA,NA
"AB","COLL",2018-05-08,"E","Bulkhead",15,24.3,15.03,8.12,8.26,2,NA,1,NA,NA
"AB","COLL",2018-06-05,"W","Paradise Flats",1,28.1,34.9,6.31,8,1.25,NA,0.25,NA,NA
"AB","COLL",2018-06-05,"W","Cabbage Top",2,28.3,33.47,6.58,8.01,2,NA,1,NA,NA
"AB","COLL",2018-06-05,"W","Dry Bar North",3,28.4,33.7,6.33,8.02,1.5,NA,0.75,NA,NA
"AB","COLL",2018-06-05,"W","Green Point",4,28.4,23.51,7.08,8.06,2,NA,0.75,NA,NA
"AB","COLL",2018-06-05,"W","Eleven Mile",5,28.3,34.63,6.64,8.03,1.25,NA,0.5,NA,NA
"AB","COLL",2018-06-05,"C","Halfmoon",6,27.9,14.03,6.22,7.72,2.75,NA,0.75,NA,NA
"AB","COLL",2018-06-05,"C","Lighthouse",7,28.3,17.44,5.68,7.86,2.25,NA,0.75,NA,NA
"AB","COLL",2018-06-05,"C","Normans",8,28.7,22.78,6.44,8.05,2.75,NA,1,NA,NA
"AB","COLL",2018-06-05,"C","Hotel",9,28.4,22.96,5.45,7.99,2.25,NA,1,NA,NA
"AB","COLL",2018-06-05,"C","East Lumps",10,28.7,17.12,6.09,7.92,2.5,NA,0.5,NA,NA
"AB","COLL",2018-06-05,"E","Cat Point",11,28.6,16.49,7.13,8.05,2.25,NA,1,NA,NA
"AB","COLL",2018-06-05,"E","Easthole",12,28.2,15.78,7.84,8.09,1.75,NA,1,NA,NA
"AB","COLL",2018-06-05,"E","Platform",13,28.1,17.38,7.43,8.11,1.75,NA,1,NA,NA
"AB","COLL",2018-06-05,"E","Porters",14,28.3,16.89,8.01,8.14,2.25,NA,1,NA,NA
"AB","COLL",2018-06-05,"E","Bulkhead",15,28.7,15.94,7.97,8.14,3,NA,1,NA,NA
"AB","COLL",2018-07-03,"W","Paradise Flats",1,30,23.6,8.03,NA,1.25,NA,0.5,NA,NA
"AB","COLL",2018-07-03,"W","Cabbage Top",2,29.7,18.6,6.82,NA,2.25,NA,1,NA,NA
"AB","COLL",2018-07-03,"W","Dry Bar North",3,29.4,21.4,5.83,NA,1.75,NA,0.75,NA,NA
"AB","COLL",2018-07-03,"W","Green Point",4,29.4,17.6,6.5,NA,1.75,NA,0.75,NA,NA
"AB","COLL",2018-07-03,"W","Eleven Mile",5,29.9,21.5,6,NA,1.25,NA,0.5,NA,NA
"AB","COLL",2018-07-03,"C","Halfmoon",6,29.4,3.9,6.49,NA,2.5,NA,0.5,NA,NA
"AB","COLL",2018-07-03,"C","Lighthouse",7,28.9,16.9,4.86,NA,2,NA,0.5,NA,NA
"AB","COLL",2018-07-03,"C","Normans",8,29.6,17.9,5.33,NA,2.75,NA,0.75,NA,NA
"AB","COLL",2018-07-03,"C","Hotel",9,29.4,19.4,5.25,NA,2.25,NA,0.75,NA,NA
"AB","COLL",2018-07-03,"C","East Lumps",10,28.9,17.3,5.36,NA,2.5,NA,0.5,NA,NA
"AB","COLL",2018-07-03,"E","Cat Point",11,28.8,20.4,5.3,NA,2,NA,1,NA,NA
"AB","COLL",2018-07-03,"E","Easthole",12,29.5,21.3,5.08,NA,1.75,NA,0.75,NA,NA
"AB","COLL",2018-07-03,"E","Platform",13,29.3,21.4,6.13,NA,2.25,NA,1,NA,NA
"AB","COLL",2018-07-03,"E","Porters",14,29,23.6,6.29,NA,2,NA,1,NA,NA
"AB","COLL",2018-07-03,"E","Bulkhead",15,29.3,14.5,6.67,NA,2,NA,1,NA,NA
"AB","COLL",2018-08-06,"W","Paradise Flats",1,31.1,7.2,8.11,NA,1.5,NA,0.5,NA,NA
"AB","COLL",2018-08-06,"W","Cabbage Top",2,29.7,16.7,5.56,NA,2.25,NA,0.75,NA,NA
"AB","COLL",2018-08-06,"W","Dry Bar North",3,29.3,9.9,7.72,NA,2.5,NA,0.5,NA,NA
"AB","COLL",2018-08-06,"W","Green Point",4,29.9,20.2,4.33,NA,2,NA,0.5,NA,NA
"AB","COLL",2018-08-06,"W","Eleven Mile",5,31.2,7.7,8.22,NA,1.5,NA,0.75,NA,NA
"AB","COLL",2018-08-06,"C","Halfmoon",6,30,20.1,4.99,NA,3,NA,0.5,NA,NA
"AB","COLL",2018-08-06,"C","Lighthouse",7,30.1,23.5,4.86,NA,2,NA,0.75,NA,NA
"AB","COLL",2018-08-06,"C","Normans",8,30.1,23.2,6.74,NA,2.75,NA,0.75,NA,NA
"AB","COLL",2018-08-06,"C","Hotel",9,29.9,23.3,5.91,NA,2.25,NA,0.75,NA,NA
"AB","COLL",2018-08-06,"C","East Lumps",10,30.1,20.7,5.66,NA,2.75,NA,0.75,NA,NA
"AB","COLL",2018-08-06,"E","Cat Point",11,29.9,21.9,5.97,NA,2,NA,0.5,NA,NA
"AB","COLL",2018-08-06,"E","Easthole",12,30,22.3,6,NA,2,NA,0.75,NA,NA
"AB","COLL",2018-08-06,"E","Platform",13,29.5,23.5,5.9,NA,2.5,NA,0.75,NA,NA
"AB","COLL",2018-08-06,"E","Porters",14,29.8,23,5.8,NA,2.5,NA,0.75,NA,NA
"AB","COLL",2018-08-06,"E","Bulkhead",15,30,23.4,6.2,NA,2.25,NA,1,NA,NA
"AB","COLL",2018-09-06,"W","Paradise Flats",1,27.9,11.45,7.69,8.64,2,NA,1,NA,NA
"AB","COLL",2018-09-06,"W","Cabbage Top",2,27.6,10.31,7.54,8.49,2.25,NA,0.75,NA,NA
"AB","COLL",2018-09-06,"W","Dry Bar North",3,27.7,14.23,7.02,8.5,2.75,NA,0.75,NA,NA
"AB","COLL",2018-09-06,"W","Green Point",4,27.8,17.38,7.07,8.66,2.25,NA,1,NA,NA
"AB","COLL",2018-09-06,"W","Eleven Mile",5,28,14.2,7.49,8.56,2,NA,0.5,NA,NA
"AB","COLL",2018-09-06,"C","Halfmoon",6,27.2,22.51,5.68,7.96,2.5,NA,0.75,NA,NA
"AB","COLL",2018-09-06,"C","Lighthouse",7,27.7,25.44,8.03,8.03,2,NA,0.75,NA,NA
"AB","COLL",2018-09-06,"C","Normans",8,28.2,27.92,7.51,8.64,3,NA,1.5,NA,NA
"AB","COLL",2018-09-06,"C","Hotel",9,28.2,29.55,7.26,8.6,2.75,NA,1.75,NA,NA
"AB","COLL",2018-09-06,"C","East Lumps",10,27.8,26.95,6.52,8.07,2.75,NA,0.75,NA,NA
"AB","COLL",2018-09-06,"E","Cat Point",11,28,28.49,6.39,8.18,2,NA,1,NA,NA
"AB","COLL",2018-09-06,"E","Easthole",12,28.2,29.69,7.11,8.59,2,NA,1.5,NA,NA
"AB","COLL",2018-09-06,"E","Platform",13,28.2,29.57,7.09,8.4,3,NA,2,NA,NA
"AB","COLL",2018-09-06,"E","Porters",14,28,28.23,7.09,8.34,2.75,NA,1.5,NA,NA
"AB","COLL",2018-09-06,"E","Bulkhead",15,28.2,29.28,7.22,8.57,2.5,NA,1,NA,NA
"AB","COLL",2018-10-04,"W","Paradise Flats",1,27.8,14.52,8.12,7.91,1.5,NA,0.5,NA,NA
"AB","COLL",2018-10-04,"W","Cabbage Top",2,28.1,15.15,7.24,7.77,2,NA,0.5,NA,NA
"AB","COLL",2018-10-04,"W","Dry Bar North",3,28.1,16.01,7.89,7.87,2,NA,0.75,NA,NA
"AB","COLL",2018-10-04,"W","Green Point",4,28.3,16.63,7.92,8,2.25,NA,0.75,NA,NA
"AB","COLL",2018-10-04,"W","Eleven Mile",5,28.2,14.02,7.28,7.99,2,NA,0.5,NA,NA
"AB","COLL",2018-10-04,"C","Halfmoon",6,28.8,27.19,6.4,8.05,2.5,NA,0.75,NA,NA
"AB","COLL",2018-10-04,"C","Lighthouse",7,28.8,28.43,6.81,8.23,2,NA,0.75,NA,NA
"AB","COLL",2018-10-04,"C","Normans",8,28.9,29.16,7.5,8.05,2.75,NA,0.25,NA,NA
"AB","COLL",2018-10-04,"C","Hotel",9,29.2,29.3,7.66,8.11,2,NA,0.75,NA,NA
"AB","COLL",2018-10-04,"C","East Lumps",10,29,27.86,6.93,8.06,2.5,NA,0.75,NA,NA
"AB","COLL",2018-10-04,"E","Cat Point",11,29.1,27.79,6.92,7.95,2,NA,0.5,NA,NA
"AB","COLL",2018-10-04,"E","Easthole",12,29.2,29.26,7.16,8.05,1.75,NA,0.75,NA,NA
"AB","COLL",2018-10-04,"E","Platform",13,29.3,29.74,7.53,8.07,2,NA,1.75,NA,NA
"AB","COLL",2018-10-04,"E","Porters",14,29.3,27.94,7.36,7.96,2,NA,1,NA,NA
"AB","COLL",2018-10-04,"E","Bulkhead",15,29.1,29.15,7.77,8.06,2.5,NA,0.5,NA,NA
"AB","COLL",2018-11-09,"W","Paradise Flats",1,24.8,11.37,9.14,7.93,1.25,NA,1,NA,NA
"AB","COLL",2018-11-09,"W","Cabbage Top",2,23.9,10.74,8.97,8.01,1.75,NA,0.75,NA,NA
"AB","COLL",2018-11-09,"W","Dry Bar North",3,23.9,10.94,8.36,7.88,2,NA,1,NA,NA
"AB","COLL",2018-11-09,"W","Green Point",4,23.5,12.41,8.17,7.8,1.75,NA,1.25,NA,NA
"AB","COLL",2018-11-09,"W","Eleven Mile",5,24.4,15.48,7.53,7.9,0.75,NA,0.5,NA,NA
"AB","COLL",2018-11-09,"C","Halfmoon",6,22.3,1.96,6.67,7.14,2,NA,0.75,NA,NA
"AB","COLL",2018-11-09,"C","Lighthouse",7,23.1,14.02,6.75,7.56,1.5,NA,0.75,NA,NA
"AB","COLL",2018-11-09,"C","Normans",8,23.5,20.48,7.62,7.81,2.25,NA,1.25,NA,NA
"AB","COLL",2018-11-09,"C","Hotel",9,23.5,22.65,7.08,7.7,2,NA,1.25,NA,NA
"AB","COLL",2018-11-09,"C","East Lumps",10,23.3,18.29,6.81,7.65,1.75,NA,0.75,NA,NA
"AB","COLL",2018-11-09,"E","Cat Point",11,23.5,19.55,7.08,7.73,1,NA,0.75,NA,NA
"AB","COLL",2018-11-09,"E","Easthole",12,23.5,22.5,7.37,7.8,1.25,NA,1,NA,NA
"AB","COLL",2018-11-09,"E","Platform",13,23.6,21.99,7.37,7.77,2,NA,1.25,NA,NA
"AB","COLL",2018-11-09,"E","Porters",14,23.3,24.89,7.53,7.99,1.5,NA,1.5,NA,NA
"AB","COLL",2018-11-09,"E","Bulkhead",15,23.5,21.3,7.61,7.77,1.75,NA,1.5,NA,NA
"AB","COLL",2018-12-04,"C","Halfmoon",6,16.4,0.24,8.04,7.73,2,NA,0.5,NA,NA
"AB","COLL",2018-12-04,"E","Cat Point",11,17.3,10.5,8.1,7.57,1.5,NA,0.5,NA,NA
"AB","COLL",2019-01-03,"W","Paradise Flats",1,19.2,1.27,9.1,7.2,1.25,NA,0.5,NA,NA
"AB","COLL",2019-01-03,"W","Cabbage Top",2,18.2,1.01,9.4,7.15,1.5,NA,0.5,NA,NA
"AB","COLL",2019-01-03,"W","Dry Bar North",3,18.3,1.61,8.84,6.87,1.5,NA,0.5,NA,NA
"AB","COLL",2019-01-03,"W","Green Point",4,18.5,1.1,8.83,7,1.5,NA,0.5,NA,NA
"AB","COLL",2019-01-03,"W","Eleven Mile",5,19.5,2.78,8.63,7.46,1.5,NA,0.25,NA,NA
"AB","COLL",2019-01-03,"C","Halfmoon",6,17,0.05,7.61,7.91,1.75,NA,0.5,NA,NA
"AB","COLL",2019-01-03,"C","Lighthouse",7,17.2,2.25,7.29,6.68,1.5,NA,0.5,NA,NA
"AB","COLL",2019-01-03,"C","Normans",8,17.7,0.34,8.65,7.33,2.5,NA,0.75,NA,NA
"AB","COLL",2019-01-03,"C","Hotel",9,18.1,8.26,8.55,7.01,1.75,NA,0.75,NA,NA
"AB","COLL",2019-01-03,"C","East Lumps",10,17.8,0.79,7.82,6.94,2,NA,0.5,NA,NA
"AB","COLL",2019-01-03,"E","Cat Point",11,17.7,2.86,7.88,6.72,1,NA,0.75,NA,NA
"AB","COLL",2019-01-03,"E","Easthole",12,18,11.5,8.2,7.45,1.5,NA,0.75,NA,NA
"AB","COLL",2019-01-03,"E","Platform",13,18.2,11.78,8.03,7.32,1.75,NA,0.5,NA,NA
"AB","COLL",2019-01-03,"E","Porters",14,18.4,16.53,7.84,7.5,2,NA,0.5,NA,NA
"AB","COLL",2019-01-03,"E","Bulkhead",15,17.5,1.66,8.26,7.05,1.5,NA,0.5,NA,NA
"AB","COLL",2019-02-05,"W","Paradise Flats",1,15.1,2.46,10.69,7.04,1,NA,0.5,NA,NA
"AB","COLL",2019-02-05,"W","Cabbage Top",2,15,2.19,10.47,6.66,1.25,NA,0.5,NA,NA
"AB","COLL",2019-02-05,"W","Dry Bar North",3,14.6,1.68,10.24,6.68,1.5,NA,0.75,NA,NA
"AB","COLL",2019-02-05,"W","Green Point",4,14.6,1.06,10.4,6.91,1.75,NA,0.5,NA,NA
"AB","COLL",2019-02-05,"W","Eleven Mile",5,15,2.34,10.7,7.11,0.75,NA,0.25,NA,NA
"AB","COLL",2019-02-05,"C","Halfmoon",6,12.8,0.05,9.27,7.21,1.75,NA,0.5,NA,NA
"AB","COLL",2019-02-05,"C","Lighthouse",7,12.9,5.24,9.09,6.43,1.5,NA,0.75,NA,NA
"AB","COLL",2019-02-05,"C","Normans",8,13.9,0.51,9.82,7,2.25,NA,0.5,NA,NA
"AB","COLL",2019-02-05,"C","Hotel",9,14,0.56,9.58,7.11,1.5,NA,0.5,NA,NA
"AB","COLL",2019-02-05,"C","East Lumps",10,13.7,0.13,9.86,7.09,1.75,NA,0.75,NA,NA
"AB","COLL",2019-02-05,"E","Cat Point",11,13.5,11.45,9.87,7.34,1.25,NA,1,NA,NA
"AB","COLL",2019-02-05,"E","Easthole",12,13.7,5.97,9.8,6.98,1.25,NA,0.75,NA,NA
"AB","COLL",2019-02-05,"E","Platform",13,13.7,11.64,10.06,7.55,1.75,NA,1,NA,NA
"AB","COLL",2019-02-05,"E","Porters",14,13.6,13.61,10.05,7.39,1.75,NA,1,NA,NA
"AB","COLL",2019-02-05,"E","Bulkhead",15,13.5,4.48,9.71,6.91,1.5,NA,0.5,NA,NA
"AB","COLL",2019-03-08,"W","Paradise Flats",1,16.3,8.06,10.59,7.58,1.25,NA,0.75,NA,NA
"AB","COLL",2019-03-08,"W","Cabbage Top",2,16.9,5.58,10.42,7.46,1.5,NA,1,NA,NA
"AB","COLL",2019-03-08,"W","Dry Bar North",3,16.6,4.9,10.62,7.51,1.75,NA,1,NA,NA
"AB","COLL",2019-03-08,"W","Green Point",4,16.6,3.11,10.54,7.28,2,NA,1,NA,NA
"AB","COLL",2019-03-08,"W","Eleven Mile",5,16.1,10.66,10.02,7.57,1.5,NA,0.5,NA,NA
"AB","COLL",2019-03-08,"C","Halfmoon",6,14.9,0.07,9.3,6.92,2,NA,0.75,NA,NA
"AB","COLL",2019-03-08,"C","Lighthouse",7,15.7,8.24,10.02,7.61,1.5,NA,1,NA,NA
"AB","COLL",2019-03-08,"C","Normans",8,16.4,9.32,10.49,7.62,2.5,NA,1.25,NA,NA
"AB","COLL",2019-03-08,"C","Hotel",9,15.9,9.5,10.66,7.64,2,NA,1.5,NA,NA
"AB","COLL",2019-03-08,"C","East Lumps",10,15.8,10.05,9.89,7.53,1.75,NA,1,NA,NA
"AB","COLL",2019-03-08,"E","Cat Point",11,15.9,9.36,10.01,7.53,1.25,NA,1,NA,NA
"AB","COLL",2019-03-08,"E","Easthole",12,15.7,10.65,10.6,7.67,1.5,NA,1,NA,NA
"AB","COLL",2019-03-08,"E","Platform",13,16,11.5,10.26,7.64,1.75,NA,0.75,NA,NA
"AB","COLL",2019-03-08,"E","Porters",14,16,13.96,9.99,7.71,2,NA,1.75,NA,NA
"AB","COLL",2019-03-08,"E","Bulkhead",15,16.6,7.59,10.79,7.59,1.75,NA,1,NA,NA
"AB","COLL",2019-04-02,"W","Paradise Flats",1,18.3,11.99,9.14,7.59,1.25,NA,1,NA,NA
"AB","COLL",2019-04-02,"W","Cabbage Top",2,18.1,11.5,9.02,7.51,1.75,NA,1,NA,NA
"AB","COLL",2019-04-02,"W","Dry Bar North",3,18,11.08,9.04,7.48,1.75,NA,1,NA,NA
"AB","COLL",2019-04-02,"W","Green Point",4,18,11.48,9.02,7.63,2,NA,1.5,NA,NA
"AB","COLL",2019-04-02,"W","Eleven Mile",5,18.5,9.46,9.19,7.66,1,NA,0.5,NA,NA
"AB","COLL",2019-04-02,"C","Halfmoon",6,18.4,2.77,8.18,6.87,2,NA,1,NA,NA
"AB","COLL",2019-04-02,"C","Lighthouse",7,18.3,24.15,7.83,7.56,1.75,NA,1,NA,NA
"AB","COLL",2019-04-02,"C","Normans",8,18,15.57,8.59,7.52,2.5,NA,1.25,NA,NA
"AB","COLL",2019-04-02,"C","Hotel",9,18.3,16.34,8.57,7.58,2.25,NA,1,NA,NA
"AB","COLL",2019-04-02,"C","East Lumps",10,18,22.92,7.93,7.58,3.25,NA,1,NA,NA
"AB","COLL",2019-04-02,"E","Cat Point",11,18.2,23.43,7.98,7.54,1.5,NA,1.5,NA,NA
"AB","COLL",2019-04-02,"E","Easthole",12,18.4,22.16,8.08,7.56,1.75,NA,1.25,NA,NA
"AB","COLL",2019-04-02,"E","Platform",13,18.7,23.37,8.11,7.62,2,NA,1.75,NA,NA
"AB","COLL",2019-04-02,"E","Porters",14,18.5,27.88,7.95,7.59,2,NA,1.5,NA,NA
"AB","COLL",2019-04-02,"E","Bulkhead",15,18.4,16.74,8.44,7.54,2,NA,1.25,NA,NA
"AB","COLL",2019-05-03,"W","Paradise Flats",1,26.5,5,8.01,7.84,1.25,NA,0.5,NA,NA
"AB","COLL",2019-05-03,"W","Cabbage Top",2,26.5,4.07,8.52,7.89,2,NA,0.5,NA,NA
"AB","COLL",2019-05-03,"W","Dry Bar North",3,25.6,2.54,8.9,7.94,1.75,NA,0.5,NA,NA
"AB","COLL",2019-05-03,"W","Green Point",4,25.4,2.75,8.81,7.75,2.25,NA,0.5,NA,NA
"AB","COLL",2019-05-03,"W","Eleven Mile",5,26.7,4.49,8.15,8.07,1,NA,0.5,NA,NA
"AB","COLL",2019-05-03,"C","Halfmoon",6,25.2,15.45,3.6,7.35,2.25,NA,0.75,NA,NA
"AB","COLL",2019-05-03,"C","Lighthouse",7,25.7,18.7,6.86,7.86,1.75,NA,0.75,NA,NA
"AB","COLL",2019-05-03,"C","Normans",8,25,3.48,7.57,7.18,2.75,NA,1,NA,NA
"AB","COLL",2019-05-03,"C","Hotel",9,25.4,21.11,7.1,7.91,2,NA,0.75,NA,NA
"AB","COLL",2019-05-03,"C","East Lumps",10,25.8,15.27,6.71,7.65,2.5,NA,0.75,NA,NA
"AB","COLL",2019-05-03,"E","Cat Point",11,25.9,21.54,6.98,7.85,1.5,NA,1,NA,NA
"AB","COLL",2019-05-03,"E","Easthole",12,25.6,21.78,7.48,7.94,1.75,NA,1,NA,NA
"AB","COLL",2019-05-03,"E","Platform",13,25.6,25.33,7.39,7.9,1.5,NA,1,NA,NA
"AB","COLL",2019-05-03,"E","Porters",14,25.7,24.99,7.46,7.86,2.5,NA,2,NA,NA
"AB","COLL",2019-05-03,"E","Bulkhead",15,25.7,21.8,7.25,7.93,2,NA,0.75,NA,NA
"AB","COLL",2019-06-03,"W","Paradise Flats",1,30.9,29.27,6.78,8.19,1,NA,0.5,NA,NA
"AB","COLL",2019-06-03,"W","Cabbage Top",2,29.9,27.07,6.34,8.09,1.75,NA,0.75,NA,NA
"AB","COLL",2019-06-03,"W","Dry Bar North",3,29.6,28.86,7.06,8.15,2,NA,1,NA,NA
"AB","COLL",2019-06-03,"W","Green Point",4,29.6,29.33,6.7,8.12,2.25,NA,0.75,NA,NA
"AB","COLL",2019-06-03,"W","Eleven Mile",5,30.1,33.07,6.67,8.12,1.25,NA,0.5,NA,NA
"AB","COLL",2019-06-03,"C","Halfmoon",6,29.5,13.46,6.24,8.06,2.25,NA,0.75,NA,NA
"AB","COLL",2019-06-03,"C","Lighthouse",7,29.5,18.83,6.11,8.17,2,NA,0.75,NA,NA
"AB","COLL",2019-06-03,"C","Normans",8,29.6,22.29,8.01,8.28,2.75,NA,1,NA,NA
"AB","COLL",2019-06-03,"C","Hotel",9,29.6,23.9,6.33,8.14,2,NA,1,NA,NA
"AB","COLL",2019-06-03,"C","East Lumps",10,29.2,15.28,6.05,8.1,2.5,NA,0.75,NA,NA
"AB","COLL",2019-06-03,"E","Cat Point",11,26.4,14.94,5.97,8.03,2,NA,0.5,NA,NA
"AB","COLL",2019-06-03,"E","Easthole",12,29.4,16.22,7.61,8.29,1.75,NA,1,NA,NA
"AB","COLL",2019-06-03,"E","Platform",13,29.3,16.11,7.12,8.22,2,NA,0.75,NA,NA
"AB","COLL",2019-06-03,"E","Porters",14,29.1,17.67,7.14,8.17,2.5,NA,1,NA,NA
"AB","COLL",2019-06-03,"E","Bulkhead",15,29.3,16.08,6.77,8.16,2,NA,1,NA,NA
"AB","COLL",2019-07-01,"C","Halfmoon",6,31,21.4,6.46,8.38,2.25,NA,1,NA,NA
"AB","COLL",2019-07-01,"C","Lighthouse",7,30.6,23.53,6.35,8.38,2,NA,0.75,NA,NA
"AB","COLL",2019-07-01,"C","East Lumps",10,30.7,22.76,6.43,8.4,2.75,NA,0.75,NA,NA
"AB","COLL",2019-07-01,"E","Cat Point",11,30.6,24.21,6.32,8.36,1.75,NA,0.75,NA,NA
"AB","COLL",2019-08-01,"W","Paradise Flats",1,30.8,18.32,7.32,8.61,1.5,NA,0.75,NA,NA
"AB","COLL",2019-08-01,"W","Cabbage Top",2,30.4,15.21,7.47,8.71,2,NA,1,NA,NA
"AB","COLL",2019-08-01,"W","Dry Bar North",3,30.8,18.61,7.8,8.66,2,NA,1,NA,NA
"AB","COLL",2019-08-01,"W","Green Point",4,31.1,20.32,7.73,8.65,2.25,NA,1,NA,NA
"AB","COLL",2019-08-01,"W","Eleven Mile",5,31.6,26.28,6.49,8.54,2,NA,0.75,NA,NA
"AB","COLL",2019-08-01,"C","Halfmoon",6,31,23.01,6.59,8.51,2.5,NA,0.75,NA,NA
"AB","COLL",2019-08-01,"C","Lighthouse",7,30.5,26.25,6.31,8.47,2,NA,1,NA,NA
"AB","COLL",2019-08-01,"C","Normans",8,30.7,26.19,6.8,8.53,3,NA,1,NA,NA
"AB","COLL",2019-08-01,"C","Hotel",9,30.6,26.67,6.99,8.56,2.25,NA,1.25,NA,NA
"AB","COLL",2019-08-01,"C","East Lumps",10,30.4,27.23,6.24,8.46,2.25,NA,1,NA,NA
"AB","COLL",2019-08-01,"E","Cat Point",11,30.4,27.58,6.25,8.49,1.75,NA,1,NA,NA
"AB","COLL",2019-08-01,"E","Easthole",12,30.4,25.92,7.15,8.6,2,NA,1,NA,NA
"AB","COLL",2019-08-01,"E","Platform",13,30.4,28.72,6.86,8.63,2.25,NA,1.25,NA,NA
"AB","COLL",2019-08-01,"E","Porters",14,30.1,29.35,6.61,8.93,2.25,NA,1.25,NA,NA
"AB","COLL",2019-08-01,"E","Bulkhead",15,30.5,26.94,7,8.56,2,NA,1,NA,NA
"AB","COLL",2019-09-09,"W","Paradise Flats",1,30.6,28.11,7.53,8.26,1.5,NA,0.75,NA,NA
"AB","COLL",2019-09-09,"W","Cabbage Top",2,30.4,26.52,7.7,8.28,2.25,NA,1,NA,NA
"AB","COLL",2019-09-09,"W","Dry Bar North",3,29.9,25.89,6.97,8.18,1.75,NA,1.25,NA,NA
"AB","COLL",2019-09-09,"W","Green Point",4,30.1,24.88,7.16,8.22,2.25,NA,1,NA,NA
"AB","COLL",2019-09-09,"W","Eleven Mile",5,30.5,31.56,6.89,8.15,1.25,NA,1,NA,NA
"AB","COLL",2019-09-09,"C","Halfmoon",6,29.8,11.59,6.81,8.2,2.5,NA,1,NA,NA
"AB","COLL",2019-09-09,"C","Lighthouse",7,29.7,17.05,6.97,8.16,2,NA,1,NA,NA
"AB","COLL",2019-09-09,"C","Normans",8,30,23.32,7.02,8.19,3,NA,1.5,NA,NA
"AB","COLL",2019-09-09,"C","Hotel",9,29.7,21.53,6.96,8.21,2.25,NA,1.5,NA,NA
"AB","COLL",2019-09-09,"C","East Lumps",10,30.6,20.15,4.95,8.08,2.25,NA,1,NA,NA
"AB","COLL",2019-09-09,"E","Cat Point",11,30.3,19.68,6.09,8.1,2,NA,1,NA,NA
"AB","COLL",2019-09-09,"E","Easthole",12,30.1,21.07,5.79,8.11,2,NA,1,NA,NA
"AB","COLL",2019-09-09,"E","Platform",13,30,22.11,5.67,8.07,2,NA,1,NA,NA
"AB","COLL",2019-09-09,"E","Porters",14,30.1,21.77,6.62,8.16,2.25,NA,1.5,NA,NA
"AB","COLL",2019-09-09,"E","Bulkhead",15,30,20.68,6.87,8.19,2.25,NA,1.25,NA,NA
"AB","COLL",2019-10-01,"C","Halfmoon",6,29.1,21.91,6.01,8.26,2.25,NA,0.75,NA,NA
"AB","COLL",2019-10-01,"C","Lighthouse",7,29,30.75,5.79,8.17,1.75,NA,1,NA,NA
"AB","COLL",2019-10-01,"C","East Lumps",10,29,31.03,6,8.2,2.25,NA,1,NA,NA
"AB","COLL",2019-10-01,"E","Cat Point",11,28.9,32.1,6.04,8.18,1.5,NA,1,NA,NA
"AB","COLL",2019-11-06,"C","Halfmoon",6,20.8,31.96,6.82,7.96,2.25,NA,0.75,NA,NA
"AB","COLL",2019-11-06,"C","Lighthouse",7,21.1,32.64,7.27,7.93,2,NA,1,NA,NA
"AB","COLL",2019-11-06,"C","East Lumps",10,21.3,32.77,7.08,7.94,2.5,NA,1,NA,NA
"AB","COLL",2019-11-06,"E","Cat Point",11,21.2,32.89,7.04,7.94,1.75,NA,0.75,NA,NA
"AB","COLL",2019-12-03,"W","Paradise Flats",1,13.5,33.66,8.76,8.89,1,NA,0.75,NA,NA
"AB","COLL",2019-12-03,"W","Cabbage Top",2,14.1,32,8.6,8.87,1.5,NA,1,NA,NA
"AB","COLL",2019-12-03,"W","Dry Bar North",3,13.8,29.23,8.7,8.94,1.5,NA,1.25,NA,NA
"AB","COLL",2019-12-03,"W","Green Point",4,15.6,28.3,8.67,8.84,1.75,NA,1,NA,NA
"AB","COLL",2019-12-03,"W","Eleven Mile",5,15.8,34.26,7.98,8.79,1.25,NA,0.75,NA,NA
"AB","COLL",2019-12-03,"C","Halfmoon",6,17.5,26.43,7.38,8.8,2,NA,1.25,NA,NA
"AB","COLL",2019-12-03,"C","Lighthouse",7,13.9,12.31,9.42,8.9,1.5,NA,1,NA,NA
"AB","COLL",2019-12-03,"C","Normans",8,14.5,15.99,9.4,9.01,2.25,NA,1,NA,NA
"AB","COLL",2019-12-03,"C","Hotel",9,14.8,17.72,9.34,9.03,2,NA,1.25,NA,NA
"AB","COLL",2019-12-03,"C","East Lumps",10,14.7,17.55,9.07,9.03,2,NA,1,NA,NA
"AB","COLL",2019-12-03,"E","Cat Point",11,14.9,18.04,8.68,9.01,1.25,NA,1,NA,NA
"AB","COLL",2019-12-03,"E","Easthole",12,14.6,19.25,9.09,9.02,1.25,NA,1,NA,NA
"AB","COLL",2019-12-03,"E","Platform",13,15.2,19.78,8.97,9.01,1.75,NA,1.25,NA,NA
"AB","COLL",2019-12-03,"E","Porters",14,16.5,21.52,8.39,8.91,1.75,NA,1.25,NA,NA
"AB","COLL",2019-12-03,"E","Bulkhead",15,14.8,17.43,9.46,9.05,1.75,NA,1.5,NA,NA
"AB","COLL",2020-01-07,"W","Paradise Flats",1,14.3,9.41,10.47,8.32,1,NA,0.75,NA,NA
"AB","COLL",2020-01-07,"W","Cabbage Top",2,16,23.08,11.3,8.44,1.5,NA,1.25,NA,NA
"AB","COLL",2020-01-07,"W","Dry Bar North",3,15.5,11.97,10.07,8.3,1.5,NA,1,NA,NA
"AB","COLL",2020-01-07,"W","Green Point",4,15.4,11.17,10.24,8.3,2,NA,1.5,NA,NA
"AB","COLL",2020-01-07,"W","Eleven Mile",5,15.6,25.07,9.61,8.29,0.75,NA,0.25,NA,NA
"AB","COLL",2020-01-07,"C","Halfmoon",6,14.5,0.29,7.51,7.08,1.75,NA,0.75,NA,NA
"AB","COLL",2020-01-07,"C","Lighthouse",7,16.1,13.42,8.35,8.39,1.5,NA,0.75,NA,NA
"AB","COLL",2020-01-07,"C","Normans",8,15.7,19.57,9.07,8.23,2.25,NA,1,NA,NA
"AB","COLL",2020-01-07,"C","Hotel",9,15.6,14.85,9.48,8.22,1.75,NA,1,NA,NA
"AB","COLL",2020-01-07,"C","East Lumps",10,16,12.36,7.88,8.01,2,NA,0.75,NA,NA
"AB","COLL",2020-01-07,"E","Cat Point",11,15.8,11.18,8.48,8.02,1.25,NA,1,NA,NA
"AB","COLL",2020-01-07,"E","Easthole",12,14.8,6.6,9.4,7.94,1.5,NA,1,NA,NA
"AB","COLL",2020-01-07,"E","Platform",13,15.5,10.6,9.94,8.3,1.5,NA,1.25,NA,NA
"AB","COLL",2020-01-07,"E","Porters",14,16.6,17.65,7.61,8,2,NA,1.25,NA,NA
"AB","COLL",2020-01-07,"E","Bulkhead",15,15.3,6.63,9.42,7.85,1.75,NA,1.25,NA,NA
"AB","COLL",2020-02-03,"W","Paradise Flats",1,14.6,11.09,11.61,8.67,1,NA,1,NA,NA
"AB","COLL",2020-02-03,"W","Cabbage Top",2,14.3,11.43,13.74,8.84,1.75,NA,1,NA,NA
"AB","COLL",2020-02-03,"W","Dry Bar North",3,13.8,9.49,11.49,8.64,1.75,NA,1.75,NA,NA
"AB","COLL",2020-02-03,"W","Green Point",4,13.4,10.4,11.45,8.51,1.75,NA,1.25,NA,NA
"AB","COLL",2020-02-03,"W","Eleven Mile",5,14.1,7.43,11.72,8.71,1,NA,1,NA,NA
"AB","COLL",2020-02-03,"C","Halfmoon",6,13.4,6.22,9.99,8,2,NA,1,NA,NA
"AB","COLL",2020-02-03,"C","Lighthouse",7,13.6,9.31,10.24,8.07,1.75,NA,1.75,NA,NA
"AB","COLL",2020-02-03,"C","Normans",8,13.7,8.47,10.55,8.47,2.5,NA,1.5,NA,NA
"AB","COLL",2020-02-03,"C","Hotel",9,13.6,8.12,10.33,8.16,2,NA,1.25,NA,NA
"AB","COLL",2020-02-03,"C","East Lumps",10,13.6,8.59,10.18,8.16,2,NA,1.5,NA,NA
"AB","COLL",2020-02-03,"E","Cat Point",11,13.8,16.49,10.33,8.27,1.5,NA,1.25,NA,NA
"AB","COLL",2020-02-03,"E","Easthole",12,13.5,7.9,10.25,8.12,1.5,NA,1.25,NA,NA
"AB","COLL",2020-02-03,"E","Platform",13,13.3,8.11,10.19,8.07,1.25,NA,1.25,NA,NA
"AB","COLL",2020-02-03,"E","Porters",14,13.6,12.79,10.17,8.18,2,NA,2,NA,NA
"AB","COLL",2020-02-03,"E","Bulkhead",15,13.5,7.36,10.38,8.1,1.75,NA,1.75,NA,NA
"AB","COLL",2020-03-03,"C","Halfmoon",6,15.7,0.05,8.32,6.77,2.5,NA,0.5,NA,NA
"AB","COLL",2020-03-03,"C","Lighthouse",7,15.5,0.05,9.02,6.62,2,NA,0.5,NA,NA
"AB","COLL",2020-03-03,"C","East Lumps",10,15.7,0.12,9.2,6.62,2.25,NA,0.5,NA,NA
"AB","COLL",2020-03-03,"E","Cat Point",11,16.1,0.31,9.27,7.04,2,NA,0.5,NA,NA
"AB","COLL",2020-06-03,"C","Halfmoon",6,28.4,20.53,5.5,8,2.25,NA,0.75,NA,NA
"AB","COLL",2020-06-03,"C","Lighthouse",7,28.1,24.05,6.33,8.36,2.5,NA,0.75,NA,NA
"AB","COLL",2020-06-03,"C","East Lumps",10,28.1,24.81,6.03,7.99,2.25,NA,1,NA,NA
"AB","COLL",2020-06-03,"E","Cat Point",11,27.8,26.02,6.47,8.07,2,NA,1,NA,NA
"AB","COLL",2020-07-09,"C","Halfmoon",6,28.9,23.12,6.09,8.22,2.25,NA,1,NA,NA
"AB","COLL",2020-07-09,"E","Cat Point",11,28.6,20.42,6.57,8.09,1.75,NA,0.5,NA,NA
"AB","COLL",2020-08-03,"W","Paradise Flats",1,30.4,31.93,6.2,8.01,1.75,NA,0.75,NA,NA
"AB","COLL",2020-08-03,"W","Cabbage Top",2,30.1,30.34,6.05,7.96,2,NA,0.75,NA,NA
"AB","COLL",2020-08-03,"W","Dry Bar North",3,30.6,28.82,6.75,8.06,2,NA,0.75,NA,NA
"AB","COLL",2020-08-03,"W","Green Point",4,30.7,27.76,6.64,8.02,2.25,NA,1,NA,NA
"AB","COLL",2020-08-03,"W","Eleven Mile",5,31,34.36,6.73,8.05,1.5,NA,0.75,NA,NA
"AB","COLL",2020-08-03,"C","Halfmoon",6,29.4,14.19,6.98,8.19,2.5,NA,1,NA,NA
"AB","COLL",2020-08-03,"C","Lighthouse",7,30.6,23.72,5.28,8.15,2,NA,0.75,NA,NA
"AB","COLL",2020-08-03,"C","Normans",8,30.6,23.5,6.94,8.17,2.75,NA,1.25,NA,NA
"AB","COLL",2020-08-03,"C","Hotel",9,30.4,25.37,5.93,8.09,2,NA,1.25,NA,NA
"AB","COLL",2020-08-03,"C","East Lumps",10,30.2,20.71,6.18,8.11,2.25,NA,0.75,NA,NA
"AB","COLL",2020-08-03,"E","Cat Point",11,30.2,21.02,6.04,8.1,1.5,NA,0.75,NA,NA
"AB","COLL",2020-08-03,"E","Easthole",12,30.2,20.55,6.5,8.13,1.75,NA,1,NA,NA
"AB","COLL",2020-08-03,"E","Platform",13,30,22.56,6.03,8.14,1.75,NA,0.75,NA,NA
"AB","COLL",2020-08-03,"E","Porters",14,30.1,24.33,6.55,8.49,2.5,NA,0.75,NA,NA
"AB","COLL",2020-08-03,"E","Bulkhead",15,30.5,21.19,6.32,8.11,2.25,NA,0.75,NA,NA
"AB","COLL",2020-09-02,"W","Paradise Flats",1,30.2,31.62,6.5,7.88,1.25,NA,0.75,NA,NA
"AB","COLL",2020-09-02,"W","Cabbage Top",2,29.8,31.38,6.98,7.98,1.75,NA,0.75,NA,NA
"AB","COLL",2020-09-02,"W","Dry Bar North",3,29.6,32.24,6.53,7.81,1.75,NA,1,NA,NA
"AB","COLL",2020-09-02,"W","Green Point",4,29.5,30,6.45,7.82,2,NA,1,NA,NA
"AB","COLL",2020-09-02,"W","Eleven Mile",5,30.5,33.11,6.97,7.88,1,NA,0.5,NA,NA
"AB","COLL",2020-09-02,"C","Halfmoon",6,29.3,15.74,5.74,7.71,2.25,NA,1,NA,NA
"AB","COLL",2020-09-02,"C","Lighthouse",7,29.4,20.42,5.86,8.09,2,NA,0.75,NA,NA
"AB","COLL",2020-09-02,"C","Normans",8,29.2,29.15,5.66,7.75,2.5,NA,1,NA,NA
"AB","COLL",2020-09-02,"C","Hotel",9,29.3,28.5,5.63,7.85,2,NA,1,NA,NA
"AB","COLL",2020-09-02,"C","East Lumps",10,29.3,18.4,6.04,7.95,2.25,NA,0.5,NA,NA
"AB","COLL",2020-09-02,"E","Cat Point",11,29.3,17.62,6.03,8.18,1.5,NA,0.5,NA,NA
"AB","COLL",2020-09-02,"E","Easthole",12,29.6,19.03,6.99,7.86,1.5,NA,1,NA,NA
"AB","COLL",2020-09-02,"E","Platform",13,29.2,18.78,6.99,7.94,2.25,NA,1,NA,NA
"AB","COLL",2020-09-02,"E","Porters",14,29.2,19.59,6.09,7.86,2.5,NA,1,NA,NA
"AB","COLL",2020-09-02,"E","Bulkhead",15,29.5,18.75,7.33,7.97,2.5,NA,1,NA,NA
"AB","COLL",2020-10-01,"W","Paradise Flats",1,23.1,8.86,7.86,7.97,1.25,NA,0.75,NA,NA
"AB","COLL",2020-10-01,"W","Cabbage Top",2,23.1,7.08,7.08,7.7,2,NA,0.75,NA,NA
"AB","COLL",2020-10-01,"W","Dry Bar North",3,24.5,9.19,7.14,7.63,2.25,NA,0.75,NA,NA
"AB","COLL",2020-10-01,"W","Green Point",4,22.6,2.89,5.99,7.49,2,NA,0.5,NA,NA
"AB","COLL",2020-10-01,"W","Eleven Mile",5,23.7,10.05,6.85,7.88,1.25,NA,0.75,NA,NA
"AB","COLL",2020-10-01,"C","Halfmoon",6,21.7,0.1,5.65,7.59,2.25,NA,0.75,NA,NA
"AB","COLL",2020-10-01,"C","Lighthouse",7,23.8,6.61,5.35,7.49,2,NA,0.75,NA,NA
"AB","COLL",2020-10-01,"C","Normans",8,24.1,5.54,7.05,7.02,3,NA,1,NA,NA
"AB","COLL",2020-10-01,"C","Hotel",9,23.9,5.91,6.95,7.04,2.25,NA,0.75,NA,NA
"AB","COLL",2020-10-01,"C","East Lumps",10,23.8,7.76,4.77,7.09,2.25,NA,0.75,NA,NA
"AB","COLL",2020-10-01,"E","Cat Point",11,23.7,6.69,5.37,7.07,1.5,NA,0.75,NA,NA
"AB","COLL",2020-10-01,"E","Easthole",12,23.7,6.59,7.63,7.53,2,NA,0.75,NA,NA
"AB","COLL",2020-10-01,"E","Platform",13,23.5,8.87,6.68,7.41,2.25,NA,1,NA,NA
"AB","COLL",2020-10-01,"E","Porters",14,24.6,13.43,5.59,7.73,2.25,NA,0.75,NA,NA
"AB","COLL",2020-10-01,"E","Bulkhead",15,24,6.49,6.1,7.15,2.25,NA,0.75,NA,NA
"AB","COLL",2020-11-03,"W","Paradise Flats",1,17.3,13.75,9.44,7.98,1,NA,0.5,NA,NA
"AB","COLL",2020-11-03,"W","Cabbage Top",2,17.8,14.94,9.03,8.11,1.5,NA,0.75,NA,NA
"AB","COLL",2020-11-03,"W","Dry Bar North",3,17.8,15.07,8.66,8.07,1.5,NA,0.75,NA,NA
"AB","COLL",2020-11-03,"W","Green Point",4,18.9,13.4,8.46,8.06,1.75,NA,1,NA,NA
"AB","COLL",2020-11-03,"W","Eleven Mile",5,18,19.56,8.83,8.15,1,NA,0.75,NA,NA
"AB","COLL",2020-11-03,"C","Halfmoon",6,18.3,5.14,7.77,7.96,2,NA,0.75,NA,NA
"AB","COLL",2020-11-03,"C","Lighthouse",7,18.2,22.73,8.16,8.83,1.5,NA,0.75,NA,NA
"AB","COLL",2020-11-03,"C","Normans",8,19.1,21.8,8.4,8.25,2.25,NA,0.75,NA,NA
"AB","COLL",2020-11-03,"C","Hotel",9,18.9,24.7,7.8,8.13,1.75,NA,0.5,NA,NA
"AB","COLL",2020-11-03,"C","East Lumps",10,18.4,26.72,7.65,8.22,1.75,NA,1.25,NA,NA
"AB","COLL",2020-11-03,"E","Cat Point",11,19.1,27.64,7.51,8.2,1.25,NA,1,NA,NA
"AB","COLL",2020-11-03,"E","Easthole",12,18.9,26.58,7.75,8.18,1.25,NA,0.75,NA,NA
"AB","COLL",2020-11-03,"E","Platform",13,19.6,30.07,7.39,8.3,1.75,NA,0.75,NA,NA
"AB","COLL",2020-11-03,"E","Porters",14,19.8,29.14,7.38,8.25,1.75,NA,0.75,NA,NA
"AB","COLL",2020-11-03,"E","Bulkhead",15,19.1,25.32,7.96,8.22,1.5,NA,0.75,NA,NA
"AB","COLL",2020-12-02,"W","Paradise Flats",1,13.1,18.05,10.31,8.16,0.5,NA,0.5,NA,NA
"AB","COLL",2020-12-02,"W","Cabbage Top",2,12.6,18.05,10.06,8.19,1.25,NA,1,NA,NA
"AB","COLL",2020-12-02,"W","Dry Bar North",3,14.1,19.37,9.96,8.17,1.25,NA,1.25,NA,NA
"AB","COLL",2020-12-02,"W","Green Point",4,14.5,18.92,10.3,8.39,1.5,NA,1,NA,NA
"AB","COLL",2020-12-02,"W","Eleven Mile",5,13.8,25.48,9.11,8.11,1,NA,0.5,NA,NA
"AB","COLL",2020-12-02,"C","Halfmoon",6,16.7,13.44,7.52,8.01,1.5,NA,0.75,NA,NA
"AB","COLL",2020-12-02,"C","Lighthouse",7,15,10.13,9.7,8.47,1.25,NA,1,NA,NA
"AB","COLL",2020-12-02,"C","Normans",8,14.8,17.61,8.9,NA,2.25,NA,1.25,NA,NA
"AB","COLL",2020-12-02,"C","Hotel",9,14.4,17.03,9.63,8.11,1.5,NA,1.5,NA,NA
"AB","COLL",2020-12-02,"C","East Lumps",10,15.1,11.32,9.49,8.13,1.5,NA,1,NA,NA
"AB","COLL",2020-12-02,"E","Cat Point",11,14.8,14.79,9.05,8.32,1,NA,1,NA,NA
"AB","COLL",2020-12-02,"E","Easthole",12,14.1,16.97,9.12,8.07,1.25,NA,1.25,NA,NA
"AB","COLL",2020-12-02,"E","Platform",13,14.5,18.83,8.95,8.05,1,NA,0.75,NA,NA
"AB","COLL",2020-12-02,"E","Porters",14,15.5,19.39,8.54,8.02,1.25,NA,1,NA,NA
"AB","COLL",2020-12-02,"E","Bulkhead",15,14.8,17.16,8.93,8.08,1.5,NA,1.25,NA,NA
"AB","COLL",2021-01-14,"W","Paradise Flats",1,11.9,18.03,11.85,8.24,1,NA,1,NA,NA
"AB","COLL",2021-01-14,"W","Cabbage Top",2,10.3,9.15,11.23,8.11,1.5,NA,1,NA,NA
"AB","COLL",2021-01-14,"W","Dry Bar North",3,10.5,5.68,10.96,8.18,1,NA,0.5,NA,NA
"AB","COLL",2021-01-14,"W","Green Point",4,11,9.39,10.61,8.36,1.25,NA,0.75,NA,NA
"AB","COLL",2021-01-14,"W","Eleven Mile",5,14.3,28.3,9.13,8.15,1.25,NA,0.75,NA,NA
"AB","COLL",2021-01-14,"C","Halfmoon",6,11.4,6.02,9.26,7.4,1.75,NA,0.75,NA,NA
"AB","COLL",2021-01-14,"C","Lighthouse",7,11.9,10.89,9.04,8.15,1.25,NA,0.75,NA,NA
"AB","COLL",2021-01-14,"C","Normans",8,10.8,5.91,10.21,7.62,2,NA,1,NA,NA
"AB","COLL",2021-01-14,"C","Hotel",9,13.2,23.36,8.1,8.07,1.5,NA,1.25,NA,NA
"AB","COLL",2021-01-14,"C","East Lumps",10,11.7,10.36,9.29,7.92,1.5,NA,0.75,NA,NA
"AB","COLL",2021-01-14,"E","Cat Point",11,11.6,10.79,9.48,8.01,1,NA,0.5,NA,NA
"AB","COLL",2021-01-14,"E","Easthole",12,11.4,10.16,9.96,7.89,1,NA,1,NA,NA
"AB","COLL",2021-01-14,"E","Platform",13,11.4,10.5,9.85,7.99,1.5,NA,0.75,NA,NA
"AB","COLL",2021-01-14,"E","Porters",14,11.3,12.23,9.92,8.47,1.5,NA,1.5,NA,NA
"AB","COLL",2021-01-14,"E","Bulkhead",15,11.2,10.51,9.85,7.92,1.5,NA,1,NA,NA
"AB","COLL",2021-02-03,"W","Paradise Flats",1,10.9,31.1,9.27,8.15,1,NA,0.25,NA,NA
"AB","COLL",2021-02-03,"W","Cabbage Top",2,10.8,30.82,9.52,8.19,1.5,NA,0.75,NA,NA
"AB","COLL",2021-02-03,"W","Dry Bar North",3,9.9,27.89,10.08,8.24,1.5,NA,0.5,NA,NA
"AB","COLL",2021-02-03,"W","Green Point",4,10.4,17,11.24,8.83,2,NA,0.75,NA,NA
"AB","COLL",2021-02-03,"W","Eleven Mile",5,13,31.01,9.48,8.27,1.25,NA,0.5,NA,NA
"AB","COLL",2021-02-03,"C","Halfmoon",6,11.6,9.01,10.28,8.1,1.75,NA,0.75,NA,NA
"AB","COLL",2021-02-03,"C","Lighthouse",7,10.8,4.43,10.58,8.04,1.5,NA,0.75,NA,NA
"AB","COLL",2021-02-03,"C","Normans",8,10.2,8.42,10.37,8.05,2.25,NA,0.75,NA,NA
"AB","COLL",2021-02-03,"C","Hotel",9,10.5,10.36,10.56,8.59,1.75,NA,0.75,NA,NA
"AB","COLL",2021-02-03,"C","East Lumps",10,10.4,4.08,10.85,8.11,1.75,NA,0.5,NA,NA
"AB","COLL",2021-02-03,"E","Cat Point",11,10.6,7.42,10.42,8.18,1.25,NA,0.75,NA,NA
"AB","COLL",2021-02-03,"E","Easthole",12,10.5,9.25,10.59,8.15,1.25,NA,1,NA,NA
"AB","COLL",2021-02-03,"E","Platform",13,10.6,8.88,10.65,8.17,1.5,NA,1,NA,NA
"AB","COLL",2021-02-03,"E","Porters",14,11.5,9.98,10.44,8.16,1.75,NA,0.75,NA,NA
"AB","COLL",2021-02-03,"E","Bulkhead",15,10.5,8.39,10.57,8.34,2,NA,0.75,NA,NA
"AB","COLL",2021-03-01,"W","Paradise Flats",1,21.6,3.83,9.41,7.75,1.25,NA,0.75,NA,NA
"AB","COLL",2021-03-01,"W","Cabbage Top",2,21.2,3.56,9.36,7.55,1.75,NA,0.75,NA,NA
"AB","COLL",2021-03-01,"W","Dry Bar North",3,20.2,3.72,9.09,7.14,1.5,NA,0.75,NA,NA
"AB","COLL",2021-03-01,"W","Green Point",4,21.6,2.02,10.19,7.73,1.75,NA,0.5,NA,NA
"AB","COLL",2021-03-01,"W","Eleven Mile",5,22.6,3.9,9.89,8.53,1.25,NA,0.5,NA,NA
"AB","COLL",2021-03-01,"C","Halfmoon",6,18.1,0.06,7.85,7.62,2,NA,0.5,NA,NA
"AB","COLL",2021-03-01,"C","Lighthouse",7,18.6,10.32,8.15,7.02,1.75,NA,0.5,NA,NA
"AB","COLL",2021-03-01,"C","Normans",8,19.1,11.73,8.38,7.27,2.5,NA,0.5,NA,NA
"AB","COLL",2021-03-01,"C","Hotel",9,19.6,13.2,9.04,7.38,1.75,NA,0.75,NA,NA
"AB","COLL",2021-03-01,"C","East Lumps",10,19.3,10.99,8.18,7.33,2.25,NA,0.5,NA,NA
"AB","COLL",2021-03-01,"E","Cat Point",11,19.3,10.08,8.34,7.45,1.5,NA,0.5,NA,NA
"AB","COLL",2021-03-01,"E","Easthole",12,19.6,12.71,9.24,7.68,1.25,NA,0.75,NA,NA
"AB","COLL",2021-03-01,"E","Platform",13,19,15.85,8.58,7.53,1.75,NA,0.75,NA,NA
"AB","COLL",2021-03-01,"E","Porters",14,19.3,19.45,8.91,8.23,2,NA,1,NA,NA
"AB","COLL",2021-03-01,"E","Bulkhead",15,19.2,14.27,8.55,7.35,1.75,NA,0.75,NA,NA
"AB","COLL",2021-04-05,"W","Paradise Flats",1,17.3,4.49,9.3,8.11,1,NA,0.5,NA,NA
"AB","COLL",2021-04-05,"W","Cabbage Top",2,17.7,9.44,9.45,8.58,0.75,NA,0.75,NA,NA
"AB","COLL",2021-04-05,"W","Dry Bar North",3,18.5,14.88,9.49,8.61,1.5,NA,1.25,NA,NA
"AB","COLL",2021-04-05,"W","Green Point",4,18.4,17.81,7.75,7.93,1.75,NA,1,NA,NA
"AB","COLL",2021-04-05,"W","Eleven Mile",5,18,8.17,9.47,8.46,0.75,NA,0.5,NA,NA
"AB","COLL",2021-04-05,"C","Halfmoon",6,20,12.41,9.42,7.93,2.25,NA,1,NA,NA
"AB","COLL",2021-04-05,"C","Lighthouse",7,19.3,19.88,8.72,8.53,2,NA,1,NA,NA
"AB","COLL",2021-04-05,"C","Normans",8,17.9,8.89,9.57,7.88,2.5,NA,1.25,NA,NA
"AB","COLL",2021-04-05,"C","Hotel",9,18.5,7.7,9.78,7.94,1.5,NA,1.25,NA,NA
"AB","COLL",2021-04-05,"C","East Lumps",10,19.7,19.7,8.87,7.91,2.25,NA,1.25,NA,NA
"AB","COLL",2021-04-05,"E","Cat Point",11,19.2,25.5,8.22,7.84,1.75,NA,1,NA,NA
"AB","COLL",2021-04-05,"E","Easthole",12,19,14.45,9.28,7.94,1.25,NA,1.25,NA,NA
"AB","COLL",2021-04-05,"E","Platform",13,18.5,24.2,8.5,7.89,1.5,NA,1.25,NA,NA
"AB","COLL",2021-04-05,"E","Porters",14,19.3,27.57,8.29,7.82,2.25,NA,1.25,NA,NA
"AB","COLL",2021-04-05,"E","Bulkhead",15,18.5,10.38,9.6,7.96,2,NA,1,NA,NA
"AB","COLL",2021-05-10,"W","Paradise Flats",1,25.2,10.02,7.8,NA,1.25,NA,0.5,NA,NA
"AB","COLL",2021-05-10,"W","Cabbage Top",2,25,10.09,8.28,NA,1.25,NA,0.75,NA,NA
"AB","COLL",2021-05-10,"W","Dry Bar North",3,25.1,8.87,8.29,NA,1.75,NA,1,NA,NA
"AB","COLL",2021-05-10,"W","Green Point",4,24.9,7.58,7.95,NA,1.75,NA,0.5,NA,NA
"AB","COLL",2021-05-10,"W","Eleven Mile",5,25,13.21,8.1,NA,1,NA,0.5,NA,NA
"AB","COLL",2021-05-10,"C","Halfmoon",6,24.2,0.08,7.65,NA,2.5,NA,0.5,NA,NA
"AB","COLL",2021-05-10,"C","Lighthouse",7,24.9,5.96,7.33,NA,2,NA,0.5,NA,NA
"AB","COLL",2021-05-10,"C","Normans",8,25,8.9,8.72,NA,2.5,NA,0.5,NA,NA
"AB","COLL",2021-05-10,"C","Hotel",9,24.9,11.75,8.37,NA,1.75,NA,1,NA,NA
"AB","COLL",2021-05-10,"C","East Lumps",10,25,9.44,6.99,NA,2.5,NA,0.5,NA,NA
"AB","COLL",2021-10-04,"W","Paradise Flats",1,25.9,8.66,8.99,8.18,2,0.3,1,4.75,NA
"AB","COLL",2021-10-04,"W","Paradise Flats",1,25.9,8.69,8.87,8.13,2,2,1,5.3,NA
"AB","COLL",2021-10-04,"W","Cabbage Top",2,25.9,8.63,8.94,8.14,2.25,0.3,1,5.22,NA
"AB","COLL",2021-10-04,"W","Cabbage Top",2,25.7,9.46,7.54,7.85,2.25,2.25,1,NA,NA
"AB","COLL",2021-10-04,"C","Halfmoon",6,25.7,3.62,5.67,7.36,2.5,0.3,1,8.85,NA
"AB","COLL",2021-10-04,"C","Halfmoon",6,27.4,20.05,4.38,7.65,2.5,2.5,1,7.05,NA
"AB","COLL",2021-10-04,"C","Lighthouse",7,25.9,8.73,6.61,7.56,2.25,0.3,1,6.86,NA
"AB","COLL",2021-10-04,"C","Lighthouse",7,27.4,23.25,5.51,7.86,2.25,2.25,1,17.05,NA
"AB","COLL",2021-10-04,"C","Hotel",9,26.6,23.33,6.24,7.83,1.5,0.3,1,4.93,NA
"AB","COLL",2021-10-04,"C","Hotel",9,26.7,23.71,6.05,7.83,1.5,1.5,1,6.11,NA
"AB","COLL",2021-10-04,"E","Cat Point",11,26.7,24.24,6.33,7.89,1.75,0.3,1,4.45,NA
"AB","COLL",2021-10-04,"E","Cat Point",11,26.8,24.99,6.03,7.87,1.75,1.75,1,5.78,NA
"AB","COLL",2021-10-04,"E","Easthole",12,26.4,24.28,6.33,7.87,2,0.3,1,3.01,NA
"AB","COLL",2021-10-04,"E","Easthole",12,26.4,24.23,6.28,7.87,2,2,1,3.15,NA
"AB","COLL",2021-10-04,"E","Bulkhead",15,26.7,24.46,6.32,7.89,2,0.3,1.25,4.57,NA
"AB","COLL",2021-10-04,"E","Bulkhead",15,26.9,24.77,6.07,7.86,2,2,1.25,5.48,NA
"AB","COLL",2021-11-01,"W","Paradise Flats",1,19.1,32.24,8.65,8.13,1.5,0.3,0.75,7.9,NA
"AB","COLL",2021-11-01,"W","Paradise Flats",1,19.1,32.23,8.64,8.12,1.5,1.5,0.75,8.1,NA
"AB","COLL",2021-11-01,"W","Cabbage Top",2,18.1,29.02,8.99,7.99,2,0.3,1,3.09,NA
"AB","COLL",2021-11-01,"W","Cabbage Top",2,19.3,32.11,8.83,8.1,2,2,1,11.83,NA
"AB","COLL",2021-11-01,"C","Halfmoon",6,20,22.2,9.86,8.18,2.25,0.3,1.25,3.55,NA
"AB","COLL",2021-11-01,"C","Halfmoon",6,20.7,28.55,9.6,8.1,2.25,2.25,1.25,6.82,NA
"AB","COLL",2021-11-01,"C","Lighthouse",7,19.9,16.3,9.62,8.17,2,0.3,1.25,2.93,NA
"AB","COLL",2021-11-01,"C","Lighthouse",7,20.5,28.32,9.21,8.08,2,2,1.25,5.17,NA
"AB","COLL",2021-11-01,"C","Hotel",9,19.1,23.59,9.27,8.18,1.5,0.3,1.25,2.64,NA
"AB","COLL",2021-11-01,"C","Hotel",9,20.4,28.74,8.13,8.03,1.5,1.5,1.25,3.64,NA
"AB","COLL",2021-11-01,"E","Cat Point",11,20.1,20.64,9.52,8.16,1.75,0.3,1.25,3.44,NA
"AB","COLL",2021-11-01,"E","Cat Point",11,20.2,21.03,9.61,8.16,1.75,1.75,1.25,4.12,NA
"AB","COLL",2021-11-01,"E","Easthole",12,19.6,21.24,9.09,8.14,1.75,0.3,1.25,2,NA
"AB","COLL",2021-11-01,"E","Easthole",12,19.5,23.25,8.92,8.11,1.75,1.75,1.25,3.11,NA
"AB","COLL",2021-11-01,"E","Bulkhead",15,19.6,21.15,9.17,8.13,2,0.3,1.25,5.22,NA
"AB","COLL",2021-11-01,"E","Bulkhead",15,19.9,24.56,9.02,8.1,2,2,1.25,3.3,NA
"AB","COLL",2021-12-02,"W","Paradise Flats",1,13.9,13.77,10.37,8.3,1,0.3,1,1.62,NA
"AB","COLL",2021-12-02,"W","Cabbage Top",2,14,13.35,10.34,8.27,1.5,0.3,1.5,1.65,NA
"AB","COLL",2021-12-02,"W","Cabbage Top",2,15.6,20.21,10.79,8.39,1.5,1.5,1.5,3.6,NA
"AB","COLL",2021-12-02,"C","Halfmoon",6,16.9,11.64,10.62,8.23,2.25,0.3,1.24,3.36,NA
"AB","COLL",2021-12-02,"C","Halfmoon",6,17,21.25,11.36,8.26,2.25,2.25,1.25,7.4,NA
"AB","COLL",2021-12-02,"C","Lighthouse",7,17,21.53,10.59,8.22,2,0.3,1,2.8,NA
"AB","COLL",2021-12-02,"C","Lighthouse",7,16.3,24.03,10.07,8.17,2,2,1,4.45,NA
"AB","COLL",2021-12-02,"C","Hotel",9,16.1,12.21,10.2,8.16,1.25,0.3,1.25,2.57,NA
"AB","COLL",2021-12-02,"E","Cat Point",11,16.1,25.85,9.54,8.13,1.5,0.3,1,3.24,NA
"AB","COLL",2021-12-02,"E","Cat Point",11,16.1,25.86,9.55,8.14,1.5,1.5,1,3.5,NA
"AB","COLL",2021-12-02,"E","Easthole",12,16,22.76,9.75,8.15,1.25,0.3,1.25,2.28,NA
"AB","COLL",2021-12-02,"E","Bulkhead",15,16.6,20.31,10.24,8.18,2.25,0.3,1.5,2.1,NA
"AB","COLL",2021-12-02,"E","Bulkhead",15,15.8,25.05,10.14,8.17,2.25,2.25,1.5,1.89,NA
"AB","COLL",2022-01-04,"W","Paradise Flats",1,14,13.98,9.7,8.14,0.75,0.3,0.75,10.32,NA
"AB","COLL",2022-01-04,"W","Cabbage Top",2,14.4,15.64,9.5,8.04,1.5,0.3,1,4.22,NA
"AB","COLL",2022-01-04,"W","Cabbage Top",2,15.7,23.4,8.25,7.84,1.5,1.5,1,9.83,NA
"AB","COLL",2022-01-04,"C","Halfmoon",6,17.1,0.3,7.98,7.51,1.5,0.3,0.75,15.2,NA
"AB","COLL",2022-01-04,"C","Halfmoon",6,18.1,0.52,7.81,7.43,1.5,1.5,0.75,18.73,NA
"AB","COLL",2022-01-04,"C","Lighthouse",7,15.9,8.26,8.96,7.95,1.25,0.3,0.75,12.95,NA
"AB","COLL",2022-01-04,"C","Hotel",9,16,10.04,10.38,8.21,1,0.3,1,7.48,NA
"AB","COLL",2022-01-04,"E","Cat Point",11,16.3,11.5,9.67,8.12,1,0.3,0.75,11.38,NA
"AB","COLL",2022-01-04,"E","Easthole",12,16.2,16.11,10.98,8.29,1.5,0.3,1,5.34,NA
"AB","COLL",2022-01-04,"E","Easthole",12,16.2,16.35,10.96,8.27,1.5,1.5,1,5.49,NA
"AB","COLL",2022-01-04,"E","Bulkhead",15,16.1,9.2,9.96,8.11,1.5,0.3,1,8.89,NA
"AB","COLL",2022-01-04,"E","Bulkhead",15,16.3,15.04,10.2,8.21,1.5,1.5,1,9.04,NA
"AB","COLL",2022-02-01,"W","Paradise Flats",1,12.7,10.13,11.3,8.27,0.75,0.3,0.75,5.8,NA
"AB","COLL",2022-02-01,"W","Cabbage Top",2,12.2,9.44,11.84,8.34,1.5,0.3,1.25,5.91,NA
"AB","COLL",2022-02-01,"W","Cabbage Top",2,13.9,26.44,12.18,8.29,1.5,1.5,1.25,6.59,NA
"AB","COLL",2022-02-01,"C","Halfmoon",6,11.1,0.13,10.8,8.19,1.75,0.3,1,16.7,NA
"AB","COLL",2022-02-01,"C","Halfmoon",6,12,6.37,11.8,8.26,1.75,1.75,1,11.06,NA
"AB","COLL",2022-02-01,"C","Lighthouse",7,11.9,6.19,11.89,8.31,1.5,0.3,0.5,17.32,NA
"AB","COLL",2022-02-01,"C","Lighthouse",7,11.8,8.53,12.3,8.37,1.5,1.5,0.5,26.8,NA
"AB","COLL",2022-02-01,"E","Cat Point",11,11.9,13.42,12.25,8.39,1.25,0.3,0.5,11.87,NA
"AB","COLL",2022-02-01,"E","Easthole",12,11.8,17.94,11.43,8.22,1.5,0.3,0.5,12.59,NA
"AB","COLL",2022-02-01,"E","Easthole",12,11.8,17.96,11.5,8.25,1.5,1.5,0.5,12.75,NA
"AB","COLL",2022-02-01,"E","Bulkhead",15,11.5,11.87,12.1,8.37,1.5,0.3,1,3.82,NA
"AB","COLL",2022-02-01,"E","Bulkhead",15,11.5,15.84,11.84,8.33,1.5,1.5,1,4.82,NA
"AB","COLL",2022-03-01,"W","Paradise Flats",1,17.3,14.9,8.76,8.29,0.75,0.3,0.5,16.53,NA
"AB","COLL",2022-03-01,"W","Cabbage Top",2,17.1,18.53,8.92,8.09,1.25,0.3,0.75,7.44,NA
"AB","COLL",2022-03-01,"C","Halfmoon",6,18.7,1.2,8.92,7.61,2,0.3,0.75,16.82,NA
"AB","COLL",2022-03-01,"C","Halfmoon",6,18.1,17.47,8.36,7.91,2,2,0.75,10.45,NA
"AB","COLL",2022-03-01,"C","Lighthouse",7,18.1,5.29,9.23,7.78,1.5,0.3,0.75,12.4,NA
"AB","COLL",2022-03-01,"C","Lighthouse",7,18,6.4,8.73,7.75,1.5,1.5,0.75,13.64,NA
"AB","COLL",2022-03-01,"E","Cat Point",11,18,13.5,8.99,7.97,1.25,0.3,0.75,8.36,NA
"AB","COLL",2022-03-01,"E","Easthole",12,17.8,16.06,9.04,8.01,1.25,0.3,1,4.26,NA
"AB","COLL",2022-03-01,"E","Bulkhead",15,17.6,12.25,9.15,7.99,1.25,0.3,1,6.35,NA
"AB","COLL",2022-04-04,"W","Paradise Flats",1,20.5,9.26,8.38,7.76,1.5,0.3,1,9.74,NA
"AB","COLL",2022-04-04,"W","Paradise Flats",1,20.6,9.33,8.23,7.77,1.5,1.5,1,13.33,NA
"AB","COLL",2022-04-04,"W","Cabbage Top",2,20.8,7.16,8.53,7.72,2,0.3,1.25,7.39,NA
"AB","COLL",2022-04-04,"W","Cabbage Top",2,21.1,10.74,6.21,7.6,2,2,1.25,12.96,NA
"AB","COLL",2022-04-04,"C","Halfmoon",6,21.1,0.38,7.73,7.64,2,0.3,1,13.61,NA
"AB","COLL",2022-04-04,"C","Halfmoon",6,21.3,9.03,6.61,7.37,2,2,1,13.85,NA
"AB","COLL",2022-04-04,"C","Lighthouse",7,21.7,5.17,8.04,7.49,1.75,0.3,0.75,11.26,NA
"AB","COLL",2022-04-04,"C","Lighthouse",7,21.1,13.59,6.52,7.61,1.75,1.75,0.75,15.62,NA
"AB","COLL",2022-04-04,"C","Hotel",9,20.9,6.94,8.46,7.69,1.25,0.3,1.25,8.31,NA
"AB","COLL",2022-04-04,"E","Cat Point",11,21.1,11.68,7.39,7.68,1.5,0.3,1,9.74,NA
"AB","COLL",2022-04-04,"E","Cat Point",11,20.9,12.52,7.13,7.67,1.5,1.5,1,10.55,NA
"AB","COLL",2022-04-04,"E","Easthole",12,20.7,13.18,7.08,7.68,2,0.3,1.25,7.04,NA
"AB","COLL",2022-04-04,"E","Easthole",12,20.7,13.33,6.89,7.67,2,2,1.25,7.15,NA
"AB","COLL",2022-04-04,"E","Bulkhead",15,21.4,12.19,7.42,7.71,1.75,0.3,1.25,5.3,NA
"AB","COLL",2022-04-04,"E","Bulkhead",15,20.7,13.41,6.88,7.68,1.75,1.75,1.25,7.72,NA
"AB","COLL",2022-05-02,"W","Paradise Flats",1,24.5,9.16,9.21,8.04,1.5,0.3,0.75,7.23,NA
"AB","COLL",2022-05-02,"W","Paradise Flats",1,24.7,10.23,8.92,7.98,1.5,1.5,0.75,12.56,NA
"AB","COLL",2022-05-02,"W","Cabbage Top",2,25.2,10.8,8.71,8,2.25,0.3,0.75,13.23,NA
"AB","COLL",2022-05-02,"W","Cabbage Top",2,25.1,10.86,8.45,7.95,2.25,2.25,0.75,15.83,NA
"AB","COLL",2022-05-02,"C","Halfmoon",6,25.7,2.11,7.93,7.54,2.25,0.3,1,11.29,NA
"AB","COLL",2022-05-02,"C","Halfmoon",6,24.5,24.28,5.04,7.5,2.25,2.25,1,31.37,NA
"AB","COLL",2022-05-02,"C","Lighthouse",7,26,5.71,7.94,7.55,2,0.3,1,10.29,NA
"AB","COLL",2022-05-02,"C","Lighthouse",7,24.8,25.2,6.5,7.68,2,2,1,15.37,NA
"AB","COLL",2022-05-02,"C","Hotel",9,25.6,20.38,7.83,7.89,1.5,0.3,1,4.52,NA
"AB","COLL",2022-05-02,"C","Hotel",9,25.3,28.15,6.93,7.83,1.5,1.5,1,16.17,NA
"AB","COLL",2022-05-02,"E","Cat Point",11,25.6,8.32,8.3,7.77,1.5,0.3,1,8.12,NA
"AB","COLL",2022-05-02,"E","Cat Point",11,24.6,25.15,6.85,7.74,1.5,1.5,1,8.38,NA
"AB","COLL",2022-05-02,"E","Easthole",12,25.5,22.38,7.83,7.88,2,0.3,1.25,4.76,NA
"AB","COLL",2022-05-02,"E","Easthole",12,25,25.48,7.22,7.83,2,2,1.25,6.24,NA
"AB","COLL",2022-05-02,"E","Bulkhead",15,25.8,11.03,8.33,7.85,1.75,0.3,1,7.27,NA
"AB","COLL",2022-05-02,"E","Bulkhead",15,25,24.71,7.57,7.83,1.75,1.75,1,5.83,NA
"AB","COLL",2022-06-01,"W","Paradise Flats",1,26.7,9.34,8.5,7.96,1.5,0.3,1,7.68,NA
"AB","COLL",2022-06-01,"W","Paradise Flats",1,26.7,9.41,8.46,7.99,1.5,1.5,1,8.11,NA
"AB","COLL",2022-06-01,"W","Cabbage Top",2,27.3,10.36,8.06,8.01,2,0.3,1,8.53,NA
"AB","COLL",2022-06-01,"W","Cabbage Top",2,27.2,10.38,7.94,7.98,2,2,1,10.54,NA
"AB","COLL",2022-06-01,"C","Halfmoon",6,27.7,8.91,7.96,7.85,2.5,0.3,1,8.92,NA
"AB","COLL",2022-06-01,"C","Halfmoon",6,27.5,18.98,4.82,7.61,2.5,2.5,1,26.75,NA
"AB","COLL",2022-06-01,"C","Lighthouse",7,27.9,17.71,7.72,7.96,2,0.3,1,6.03,NA
"AB","COLL",2022-06-01,"C","Lighthouse",7,27.7,17.91,7.35,7.94,2,2,1,7.93,NA
"AB","COLL",2022-06-01,"C","Hotel",9,27.4,21.11,7.2,7.92,1.5,0.3,1,3.09,NA
"AB","COLL",2022-06-01,"C","Hotel",9,27.4,26.27,5.72,7.8,1.5,1.5,1,10.85,NA
"AB","COLL",2022-06-01,"E","Cat Point",11,28.1,21.28,7.08,7.91,1.75,0.3,1,3.88,NA
"AB","COLL",2022-06-01,"E","Cat Point",11,28.1,21.51,6.32,7.86,1.75,1.75,1,7.76,NA
"AB","COLL",2022-06-01,"E","Easthole",12,27.8,21.09,6.92,7.9,2,0.3,1.5,4.14,NA
"AB","COLL",2022-06-01,"E","Easthole",12,27.5,22.77,6.18,7.85,2,2,1.5,5.09,NA
"AB","COLL",2022-06-01,"E","Bulkhead",15,27.8,21.18,7.05,7.9,2,0.3,1.25,5.96,NA
"AB","COLL",2022-06-01,"E","Bulkhead",15,27.6,22.22,6.5,7.88,2,2,1.25,11.07,NA
"AB","COLL",2022-07-05,"W","Paradise Flats",1,29.6,18.93,7.07,7.88,1.5,0.3,0.75,9.91,NA
"AB","COLL",2022-07-05,"W","Paradise Flats",1,29.5,19.05,6.35,7.9,1.5,1.5,0.75,19.54,NA
"AB","COLL",2022-07-05,"W","Cabbage Top",2,29.8,19.77,7.36,8.17,2,0.3,1,5.03,NA
"AB","COLL",2022-07-05,"W","Cabbage Top",2,29.7,20.1,6.79,8.12,2,2,1,16.09,NA
"AB","COLL",2022-07-05,"C","Halfmoon",6,31.3,4.78,7.5,7.85,2.25,0.3,1,7.8,NA
"AB","COLL",2022-07-05,"C","Halfmoon",6,30.8,22.91,3.68,7.68,2.25,2.25,1,18.26,NA
"AB","COLL",2022-07-05,"C","Lighthouse",7,31.5,23.49,6.97,8.05,1.75,0.3,0.75,8.9,NA
"AB","COLL",2022-07-05,"C","Lighthouse",7,30.6,24.91,7.27,8.07,1.75,1.75,0.75,20.09,NA
"AB","COLL",2022-07-05,"C","Hotel",9,30.3,20.78,6.95,8.12,1.5,0.3,1,5.73,NA
"AB","COLL",2022-07-05,"C","Hotel",9,30.3,20.78,6.9,8.12,1.5,1.5,1,5.84,NA
"AB","COLL",2022-07-05,"E","Cat Point",11,30.5,24.44,7.05,8.1,1.5,0.3,1.5,3.49,NA
"AB","COLL",2022-07-05,"E","Cat Point",11,30.4,25.37,5.38,7.96,1.5,1.5,1.5,4.09,NA
"AB","COLL",2022-07-05,"E","Easthole",12,30.3,22.72,6.54,8.06,2,0.3,1,5.84,NA
"AB","COLL",2022-07-05,"E","Easthole",12,30.2,22.81,6.33,8.05,2,2,1,8.4,NA
"AB","COLL",2022-07-05,"E","Bulkhead",15,31.5,19.35,8.32,8.21,2,0.3,1.25,3.41,NA
"AB","COLL",2022-07-05,"E","Bulkhead",15,30.9,21.87,6.36,8.05,2,2,1.25,9.42,NA
"AB","COLL",2022-08-01,"W","Paradise Flats",1,30.8,17.7,6.61,7.92,1.25,0.3,0.75,4.18,NA
"AB","COLL",2022-08-01,"W","Paradise Flats",1,31.1,17.77,6.15,7.95,1.25,1.25,0.75,7.22,NA
"AB","COLL",2022-08-01,"W","Cabbage Top",2,30.8,14.05,7.6,8.32,2,0.3,1,1.9,NA
"AB","COLL",2022-08-01,"W","Cabbage Top",2,31.4,17.71,5.27,8.04,2,2,1,4.53,NA
"AB","COLL",2022-08-01,"C","Halfmoon",6,31.5,10.75,6.12,8.08,2.25,0.3,0.75,6.68,NA
"AB","COLL",2022-08-01,"C","Halfmoon",6,31.8,14.22,5.65,8.01,2.25,2.25,0.75,8.5,NA
"AB","COLL",2022-08-01,"C","Lighthouse",7,31.7,9.31,7.89,8.3,2,0.3,0.75,4.35,NA
"AB","COLL",2022-08-01,"C","Lighthouse",7,31.6,17.77,5.8,8.06,2,2,0.75,19.53,NA
"AB","COLL",2022-08-01,"C","Hotel",9,31,18.63,6.55,8.17,1.75,0.3,1,2.2,NA
"AB","COLL",2022-08-01,"C","Hotel",9,30.8,22.07,5.15,8.03,1.75,1.75,1,4.07,NA
"AB","COLL",2022-08-01,"E","Cat Point",11,31.8,18.53,6.31,8.14,1.5,0.3,0.75,7.1,NA
"AB","COLL",2022-08-01,"E","Cat Point",11,31.6,19.54,5.97,8.11,1.5,1.5,0.75,8.46,NA
"AB","COLL",2022-08-01,"E","Easthole",12,31.1,20.73,5.27,8.04,1.75,0.3,1,5.09,NA
"AB","COLL",2022-08-01,"E","Easthole",12,31.1,20.77,5.14,8.03,1.75,1.75,1,5.2,NA
"AB","COLL",2022-08-01,"E","Bulkhead",15,32.1,17.99,6.82,8.16,2,0.3,1,3.2,NA
"AB","COLL",2022-08-01,"E","Bulkhead",15,31.2,20.52,5.42,8.05,2,2,1,8.88,NA
"AB","COLL",2022-09-02,"W","Paradise Flats",1,29.1,13.72,6.57,7.94,1.75,0.3,0.5,13.31,NA
"AB","COLL",2022-09-02,"W","Paradise Flats",1,29.1,13.72,6.46,7.98,1.75,1.75,0.5,16.25,NA
"AB","COLL",2022-09-02,"W","Cabbage Top",2,29,14.23,6.73,8.07,2.25,0.3,0.5,9.63,NA
"AB","COLL",2022-09-02,"W","Cabbage Top",2,29,14.23,6.64,8.07,2.25,2.25,0.5,10.14,NA
"AB","COLL",2022-09-02,"C","Halfmoon",6,29.4,5.54,7.6,7.86,2.25,0.3,0.75,7.5,NA
"AB","COLL",2022-09-02,"C","Halfmoon",6,29.4,8.27,6.06,7.63,2.25,2.25,0.75,12.02,NA
"AB","COLL",2022-09-02,"C","Lighthouse",7,29.5,9.64,7.61,7.98,2,0.3,1,5.11,NA
"AB","COLL",2022-09-02,"C","Lighthouse",7,29.9,19.33,5.33,7.83,2,2,1,21.23,NA
"AB","COLL",2022-09-02,"C","Hotel",9,29.5,23.67,6.31,7.99,1.75,0.3,1,1.78,NA
"AB","COLL",2022-09-02,"C","Hotel",9,29.6,23.72,5.89,7.98,1.75,1.75,1,1.92,NA
"AB","COLL",2022-09-02,"E","Cat Point",11,29.5,12.57,7.84,8.09,1.5,0.3,1,3.01,NA
"AB","COLL",2022-09-02,"E","Cat Point",11,29.9,22.26,6.15,7.96,1.5,1.5,1,4.77,NA
"AB","COLL",2022-09-02,"E","Easthole",12,29.5,21.27,6.92,8.04,2,0.3,1.5,1.32,NA
"AB","COLL",2022-09-02,"E","Easthole",12,29.8,23.9,5.85,7.96,2,2,1.5,2.18,NA
"AB","COLL",2022-09-02,"E","Bulkhead",15,29.9,21.08,6.99,8.07,2,0.3,1,3.39,NA
"AB","COLL",2022-09-02,"E","Bulkhead",15,30.2,24.81,5.29,7.92,2,2,1,9.81,NA
"AB","COLL",2022-10-05,"W","Paradise Flats",1,22.4,23.35,8.14,8.18,1.5,0.3,1.25,3.26,NA
"AB","COLL",2022-10-05,"W","Paradise Flats",1,22.4,23.65,8.18,8.18,1.5,1.5,1.25,3.64,NA
"AB","COLL",2022-10-05,"W","Cabbage Top",2,22.6,21.41,8.48,8.25,2,0.3,1.5,2.54,NA
"AB","COLL",2022-10-05,"W","Cabbage Top",2,22.6,23.32,7.86,8.18,2,2,1.5,6.07,NA
"AB","COLL",2022-10-05,"C","Halfmoon",6,23.1,28.39,6.98,8.06,2.75,0.3,1,4.24,NA
"AB","COLL",2022-10-05,"C","Halfmoon",6,23.2,29.89,6.67,8.02,2.75,2.75,1,12.88,NA
"AB","COLL",2022-10-05,"C","Lighthouse",7,22.9,30.42,6.86,8.03,2.25,0.3,1.25,5.35,NA
"AB","COLL",2022-10-05,"C","Lighthouse",7,22.8,31.37,6.53,8.01,2.25,2.25,1.25,6.88,NA
"AB","COLL",2022-10-05,"C","Hotel",9,21.6,26,7.43,7.91,2.25,0.3,1.25,2.84,NA
"AB","COLL",2022-10-05,"C","Hotel",9,22.5,30.31,6.61,7.9,2.25,2.25,1.25,3.5,NA
"AB","COLL",2022-10-05,"E","Cat Point",11,22.4,31.09,6.61,8.03,2,0.3,1.25,5.18,NA
"AB","COLL",2022-10-05,"E","Cat Point",11,22.4,31.09,6.55,8.03,2,2,1.25,5.42,NA
"AB","COLL",2022-10-05,"E","Easthole",12,22.5,31.6,6.35,7.98,2.25,0.3,1.5,2.99,NA
"AB","COLL",2022-10-05,"E","Easthole",12,22.6,31.6,6.3,7.98,2.25,2.25,1.5,3,NA
"AB","COLL",2022-10-05,"E","Bulkhead",15,22.4,30.71,6.8,8.03,2.25,0.3,1.25,3.86,NA
"AB","COLL",2022-10-05,"E","Bulkhead",15,22.5,31.26,6.48,8.01,2.25,2.25,1.25,3.59,NA
"AB","COLL",2022-11-01,"W","Paradise Flats",1,21.5,17.28,9.15,8.12,1.5,0.3,1,5.39,NA
"AB","COLL",2022-11-01,"W","Paradise Flats",1,21.5,17.29,9.17,8.14,1.5,1.5,1,9.18,NA
"AB","COLL",2022-11-01,"W","Cabbage Top",2,20.9,21.38,8.9,8.17,1.75,0.3,1.25,1.98,NA
"AB","COLL",2022-11-01,"W","Cabbage Top",2,21.1,21.67,8.86,8.15,1.75,1.75,1.25,2.54,NA
"AB","COLL",2022-11-01,"C","Halfmoon",6,22.2,20.01,8.35,7.96,2.25,0.3,1,3.67,NA
"AB","COLL",2022-11-01,"C","Halfmoon",6,22.3,30.66,6.89,7.9,2.25,2.25,1,8.13,NA
"AB","COLL",2022-11-01,"C","Lighthouse",7,22.4,33.77,7.25,7.9,1.75,0.3,1.25,3.59,NA
"AB","COLL",2022-11-01,"C","Lighthouse",7,22.5,33.77,7.2,7.9,1.75,1.75,1.25,3.62,NA
"AB","COLL",2022-11-01,"C","East Lumps",10,21.9,34.83,7.2,7.92,2.25,0.3,1.25,5.1,NA
"AB","COLL",2022-11-01,"C","East Lumps",10,21.9,34.83,7.06,7.91,2.25,2.25,1.25,10.52,NA
"AB","COLL",2022-11-01,"E","Cat Point",11,22,34.96,6.89,7.89,1.5,0.3,1,7.01,NA
"AB","COLL",2022-11-01,"E","Cat Point",11,22,34.96,6.85,7.92,1.5,1.5,1,7.29,NA
"AB","COLL",2022-11-01,"E","Easthole",12,21.9,33.25,7.14,7.89,1.75,0.3,1.25,3.37,NA
"AB","COLL",2022-11-01,"E","Easthole",12,21.9,33.26,7.11,7.9,1.75,1.75,1.25,3.61,NA
"AB","COLL",2022-12-05,"W","Paradise Flats",1,18,18.3,10.05,8.05,1.25,0.3,1.25,1.52,NA
"AB","COLL",2022-12-05,"W","Cabbage Top",2,18.3,17.98,9.98,8.13,1.75,0.3,1.5,0.65,NA
"AB","COLL",2022-12-05,"W","Cabbage Top",2,18.2,21.23,9.56,8.12,1.75,1.75,1.5,3.18,NA
"AB","COLL",2022-12-05,"C","Halfmoon",6,18.4,20.98,8.42,8,2.25,0.3,1,2.23,NA
"AB","COLL",2022-12-05,"C","Halfmoon",6,18.3,30.46,8.18,8,2.25,2.25,1,3.63,NA
"AB","COLL",2022-12-05,"C","Lighthouse",7,18.7,23.67,8.56,8,1.75,0.3,1.25,1.66,NA
"AB","COLL",2022-12-05,"C","Lighthouse",7,18.4,32.18,8.09,7.98,1.75,1.75,1.25,3.67,NA
"AB","COLL",2022-12-05,"C","East Lumps",10,18.8,27.39,8.51,8.01,2,0.3,1.25,1.58,NA
"AB","COLL",2022-12-05,"C","East Lumps",10,18.4,31.25,7.93,7.96,2,2,1.25,4.65,NA
"AB","COLL",2022-12-05,"E","Cat Point",11,18.6,31.99,7.98,7.93,1.5,0.3,1.25,1.87,NA
"AB","COLL",2022-12-05,"E","Cat Point",11,18.6,31.99,7.98,7.95,1.5,1.5,1.25,2.1,NA
"AB","COLL",2022-12-05,"E","Easthole",12,18.4,21.76,8.55,7.92,1.75,0.3,1.5,1.51,NA
"AB","COLL",2022-12-05,"E","Easthole",12,18.3,30.24,7.75,7.9,1.75,1.75,1.5,1.13,NA
"AB","COLL",2023-01-05,"W","Paradise Flats",1,17.8,14.85,8.9,8.09,1,0.3,0.75,10.35,NA
"AB","COLL",2023-01-05,"W","Cabbage Top",2,18,15.19,8.9,8.08,1.5,0.3,1.25,1.87,NA
"AB","COLL",2023-01-05,"C","Halfmoon",6,15.4,2.93,8.62,7.81,1.75,0.3,1,4.49,NA
"AB","COLL",2023-01-05,"C","Lighthouse",7,16,4.75,8.92,7.7,1.5,0.3,1.25,3.82,NA
"AB","COLL",2023-01-05,"C","East Lumps",10,16.5,14.68,8.81,7.94,1.5,0.3,1.25,5.07,NA
"AB","COLL",2023-01-05,"E","Cat Point",11,16.2,24.35,8.44,7.97,1.25,0.3,1,4.52,NA
"AB","COLL",2023-01-05,"E","Easthole",12,16.3,25.53,8.38,7.86,1.5,0.3,1.5,2.88,NA
"AB","COLL",2023-01-05,"W","Cabbage Top",2,17.1,23.18,9.62,8.13,1.5,1.5,1.25,4.21,NA
"AB","COLL",2023-01-05,"C","Halfmoon",6,17.4,15.78,7.97,7.72,1.75,1.75,1,3.9,NA
"AB","COLL",2023-01-05,"C","Lighthouse",7,16.3,25.38,8.27,7.97,1.5,1.5,1.25,4.27,NA
"AB","COLL",2023-01-05,"C","East Lumps",10,16.2,25.39,8.1,7.91,1.5,1.5,1.25,4.44,NA
"AB","COLL",2023-01-05,"E","Easthole",12,16.3,25.51,8.36,7.9,1.5,1.5,1.5,3.1,NA
"AB","COLL",2023-02-01,"W","Paradise Flats",1,18.8,3.73,10.34,7.67,0.75,0.3,0.75,4.7,NA
"AB","COLL",2023-02-01,"W","Cabbage Top",2,18.8,4.05,10.48,7.86,1.5,0.3,1.25,4.75,NA
"AB","COLL",2023-02-01,"C","Halfmoon",6,15.1,0.13,8.33,7,1.75,0.3,0.5,13.15,NA
"AB","COLL",2023-02-01,"C","Lighthouse",7,15.7,0.31,8.44,6.92,1.5,0.3,0.5,12.29,NA
"AB","COLL",2023-02-01,"C","East Lumps",10,16.6,8.82,8.83,7.41,1.75,0.3,0.75,8.15,NA
"AB","COLL",2023-02-01,"E","Cat Point",11,16.4,10.86,9.03,7.74,1.25,0.3,0.75,6.99,NA
"AB","COLL",2023-02-01,"E","Easthole",12,17,11.08,9.62,7.72,1.5,0.3,1,5.71,NA
"AB","COLL",2023-02-01,"C","Halfmoon",6,15.6,10.43,7.97,7.25,1.75,1.75,0.5,13.48,NA
"AB","COLL",2023-02-01,"C","Lighthouse",7,15.6,15.85,8.53,7.84,1.5,1.5,0.5,9.08,NA
"AB","COLL",2023-02-01,"C","East Lumps",10,16.4,18.68,8.48,7.82,1.75,1.75,0.75,9.13,NA
